Base de Datos Estudiantes Servicio Comunitario desde 2016 al 30 agosto de 2025,,,,,,,,,,,
,,,,,,,,,,,
Año ,Estatus,Nombre y Apellido,Cédula de Identidad,Email,Teléfono,Fecha de Inducción,Universidad / Instituto,Carrera,Fecha de Inicio,Fecha de Culminación,Observaciones
2016,Culminó,Mayerling Acosta,17966327,mdiamantesb@gmail.com,4122082109,,CUECMC,Enfermeria,1/3/2016,3/4/2016,
2016,Culminó,Alvelis Vasquez,17490697,alvelisvasquez@gmail.com,4241343221,,CUECMC,Enfermeria,1/3/2016,3/4/2016,
2016,Culminó,luisabeth Leon,,luisabeth-leon@hotmail.com,4129123970,,CUECMC,Enfermeria,11/4/2016,14/5/2016,
2016,Culminó,Yeraldin Camego,23200840,yeraldin_2403@hotmail.com,4165365756,,CUECMC,Enfermeria,11/4/2016,14/5/2016,
2016,Culminó,Patriuska Orellanes,23688086,s19.sarabel@hotmail.com,4266115510,,CUECMC,Enfermeria,7/6/2016,10/7/2016,
2016,Culminó,Karyuly Arias,24221669,kvillegas838@gmail.com,4164264125,,CUECMC,Enfermeria,7/6/2016,10/7/2016,
2016,Culminó,Emberlin Iscalla,20792332,labebita2222@hotmail.com,4261058689,,CUECMC,Enfermeria,20/6/2016,23/7/2016,
2016,Culminó,Johanna Diaz Suarez,16023398,joha2184@hotmail.com,4161678248,,CUECMC,Enfermeria,13/6/2016,16/7/2016,
2016,Culminó,Escarlet Colmenares,23388036,escarlet-918@hotmail.com,4242898109,,CUECMC,Enfermeria,13/6/2016,16/7/2016,
2016,Culminó,Geanny Palacios,,melanie-palacios@hotmail.com,4141410044,,CUECMC,Enfermeria,25/9/2016,6/3/2017,"Estas estudiantes hicieron trampa con las horas pero no se les dijo nada, se pefirió firmar la culminación "
2016,Culminó,Dayana  Vanegas,16218821,vanegasdayana@gmail.com,4241360033,,CUECMC,Enfermeria,25/9/2016,6/3/2017,"Estas estudiantes hicieron trampa con las horas pero no se les dijo nada, se pefirió firmar la culminación "
2016,Culminó,Maria Virginia Belmonte,24804601,virgidelbelmonte96@hotmail.com,4142284646,,CUECMC,Enfermeria,25/9/2016,6/3/2017,"Estas estudiantes hicieron trampa con las horas pero no se les dijo nada, se pefirió firmar la culminación "
2016,Culminó,Yuly Bastidas,21589353,yulybastidas24@hotmail.com,4261207390,,CUECMC,Enfermeria,8/8/2016,10/9/2016,
2016,Culminó,Diviana Marin,22545544,diva-1593@hotmail.com,4241741654,,CUECMC,Enfermeria,1/8/2016,14/11/2016,
2016,Culminó,Paola Rico,83368058,paolarico25@gmail.com,4169093176,,CUECMC,Enfermeria,1/8/2016,14/11/2016,
2016,Culminó,Mergui Jualimer Berbesi,24214264,mergui_berbesi@hotmail.com,4142420978,,CUECMC,Enfermeria,12/9/2016,15/10/2016,
2016,Culminó,Jacqueline Rojas,6164567,jacqueline_bellota@hotmail.com,4127015519,,CUECMC,Enfermeria,12/9/2016,15/10/2016,Verifcar Estatus
2016,Culminó,Martha Salas,28006913,marthasalasfarak02@gmail.com,4169065152,,CUECMC,Enfermeria,12/9/2016,15/10/2016,
2016,Culminó,Luisa Tirado,14407067,lcto_55@hotmail.com,4269537837,,CUECMC,Enfermeria,19/9/2016,22/10/2016,Verifcar Estatus
2016,Culminó,Carla Diaz,2415448,kailyn_11-94@hotmail.com,4122162354,,CUECMC,Enfermeria,12/9/2016,15/10/2016,
2016,Culminó,Maria Jose Garcias,20483727,mariajyr@hotmail.com,4241486759,,CUECMC,Enfermeria,12/9/2016,15/10/2016,
2016,Culminó,Piedad Correa,24206816,piedad.correa_20@hotmail.com,4267114980,,CUECMC,Enfermeria,17/9/2016,20/10/2016,
2016,Culminó,Aleidy Rodriguez,18440279,aleidy1x3@gmail.com,4125587154,,CUECMC,Enfermeria,17/9/2016,20/10/2016,
2016,Culminó,Rocio Terranova,82281221,rocioterranova@gmail.com,4123661579,,CUECMC,Enfermeria,19/9/2016,22/10/2016,
2016,Culminó,Andry Ostos Zambrano,25977937,ostosandry@gmail.com,4247788456,,CUECMC,Enfermeria,21/11/2016,9/2/2017,
2016,Culminó,Dayana Vanegas,25218821,vanegasdayana@gmail.com,4241360033,,CUECMC,Enfermeria,25/9/2016,6/3/2017,
2016,Culminó,Fabiana Monterroza,25203438,fabi-m-r@hotmail.com,4146857137,,CUECMC,Enfermeria,7/11/2016,17/1/2017,
2016,Culminó,Geanny Palacios,25215824,melanie_palacios@hotmail.com,4141410044,,CUECMC,Enfermeria,25/7/2016,6/3/2017,
2016,Culminó,Jerika Rivera,20606788,jeririvera29@hotmail.com,4248663645,,CUECMC,Enfermeria,1/10/2016,24/3/2017,
2016,Culminó,Lizmayka Bustico,25209492,dayarith_96@hotmail.com,"0212-8618886
o 0412-3853883,",,CUECMC,Enfermeria,21/11/2016,1/2/2017,entregada el 13/02/17
2016,Culminó,Gabriela Delgado,,gabbaneko@gmail.com,4142712955,,IU Artes Las Mercedes,,5/2/2016,20/05/16,
2016,Culminó,Ana lucia Dominguez,,dmngzana@hotmail.com,4126053614,,IU Americo Vespucio,,3/3/2016,27/04/2017,
2016,Culminó,Maria Cedeño,,mariiandreina278@gmail.com,4142322312,,IU Americo Vespucio,,3/3/2016,27/04/2017,
2016,Culminó,Samuel Ernesto Medina Duran,,samygol_23_45@hotmail.com,4128220374,,IUNP,,23/5/2016,18/7/2016,
2016,Culminó,Yanireth Gallardo ,,jeckson_99@live.com,4140218425,,IUPG,,3/3/2016,14/3/2016,
2016,Culminó,Maria Guerrero ,,wilsonraz17@gmail.com,4169011260,,IUPG,,3/3/2016,14/3/2016,
2016,Culminó,Yaneth Navarro ,,luisfrancolf@hotmail.com,4242255461,,IUPG,,3/3/2016,14/3/2016,
2016,Culminó,Yelli Bermudez ,,jhoseanyelio@gmail.com,4141615105,,IUPG,,3/3/2016,14/3/2016,
2016,Culminó,Octavio Mundarain,,mundarainabel25@gmail.com,4262476120,,IUPG,,3/3/2016,14/3/2016,
2016,Culminó,Charito Guerrero ,,pedrohernandez_15@hotmail.com,04268207606 / 02124715857,,IUPG,,3/3/2016,14/3/2016,
2016,Culminó,Jaclyn Velazco ,,jeremyalfredo000@gmail.com,4140240292,,IUPG,,3/3/2016,14/3/2016,
2016,Culminó,Dais Murillo ,,daydias2107@gmail.com,4123049642,,IUPG,,3/3/2016,14/3/2016,
2016,Culminó,Perla Cardenas ,,enderlyncardenas@hotmail.com,4268883040,,IUPG,,3/3/2016,14/3/2016,
2016,Culminó,Lilia Crespo,,ara19961@hotmail.com,4142636536,,IUPG,,3/3/2016,14/3/2016,
2016,Culminó,Marianny del Valle Brito,,mariannydvbrito@gmail.com,4141376773,,IUPG,,7/4/2016,30/6/2016,
2016,Culminó,Nelly De La Cruz,,nellydlc70@gmail.com,4241428863,,IUPEL,,2/3/2016,20/7/2016,
2016,Culminó,Maria Betania Fernandez,,mariafernandezipc@hotmail.com,4266116315,,IUPEL,,17/8/2016,26/10/2016,NO HAY CARTA DE CULMINACION EN LOS ARCHIVOS
2016,Culminó,Angelica Gomez,,gomez.angelicaipc@hotmail.com,4164017887,,IUPEL,,17/8/2016,26/10/2016,NO HAY CARTA DE CULMINACION EN LOS ARCHIVOS
2016,Culminó,Jorge Nava,,jorgenava21ipc@gmail.com,,,IUPEL,,17/8/2016,26/10/2016,NO HAY CARTA DE CULMINACION EN LOS ARCHIVOS
2016,Culminó,Katerine Quintero,,katerinequinteroipc@hotmail.com,4149246051,,IUPEL,,17/8/2016,26/10/2016,NO HAY CARTA DE CULMINACION EN LOS ARCHIVOS
2016,Culminó,Daniela Aponte,,,4125720227,,IUPEL,,17/8/2016,26/10/2016,NO HAY CARTA DE CULMINACION EN LOS ARCHIVOS
2016,Culminó,Carmen Gudiño,,cnathalia2006@hotmail.com,4141345490,,IUPEL,,17/8/2016,26/10/2016,NO HAY CARTA DE CULMINACION EN LOS ARCHIVOS
2016,Culminó,Anuska Hernandez,,anuska1910@gmail.com,4125843523,,IUPEL,,17/8/2016,26/10/2016,NO HAY CARTA DE CULMINACION EN LOS ARCHIVOS
2016,Culminó,Ana Miolli,,carinamiolli@gmail.com,4129881619,,UNEFA,,11/7/2016,28/11/2016,NO HAY CARTA DE CULMINACION EN LOS ARCHIVOS
2016,Culminó,Marisol Brea,,marisolbrea.53@gmail.com,4168309336,,UNEFA,,11/7/2016,28/11/2016,NO HAY CARTA DE CULMINACION EN LOS ARCHIVOS
2016,Culminó,Mayerlin Rubiano,,mayerlinrubiano@gmail.com,4169971823,,UNEFA,,11/7/2016,28/11/2016,NO HAY CARTA DE CULMINACION EN LOS ARCHIVOS
2016,Culminó,Karen Angulo,,karenyuribi@gmail.com,4143892684,,UNEFA,,11/7/2016,28/11/2016,NO HAY CARTA DE CULMINACION EN LOS ARCHIVOS
2016,Culminó,Albany Fernandez,,fernandezalbany@gmail.com,4127165116,,UNIMET,,,,
2016,Culminó,Alejandra Saavedra,,,4242180373,,UNIMET,,,,
2016,Culminó,Amar Garcia,,amar.garciavasquez@gmail.com,4242673795,,UNIMET,,5/2/2016,,
2016,Culminó,Andrea Pereira,,,4142889959,,UNIMET,,,,
2016,Culminó,Carlos Arriaga,,carlosarriaga93@gmail.com,4122756728,,UNIMET,,,,
2016,Culminó,Gustavo Mijares,,gmijares92@gmail.com,4142757755,,UNIMET,,,,
2016,Culminó,Javier Urbano,,ursajavier@outlook.com,4241385612,,UNIMET,,,,
2016,Culminó,Jose Enrique Uztariz,,seenrique@hotmail.com,4142768769,,UNIMET,,5/2/2016,,
2016,Culminó,Katherine Mendoza,,,4169063441,,UNIMET,,,,
2016,Culminó,Luca Turri,,lturri@gmail.com,4242314710,,UNIMET,,5/2/2016,,
2016,Culminó,Ma. Alejandra Vives,,magi14@hotmail.com,4122214001,,UNIMET,,,,
2016,Culminó,Ma. Fernanda Mastrocesare,,mafemastracesare@hotmail.com,4123190892,,UNIMET,,5/2/2016,,
2016,Culminó,Maria Rodriguez,,maria.bethania.rodriguez@gmail.com,4241684551,,UNIMET,,5/2/2016,,
2016,Culminó,Mariana Elias,,,4122857119,,UNIMET,,,,
2016,Culminó,Omar Betancourt,,obetancourt07@gmail.com,4141319810,,UNIMET,,9/5/2016,,
2016,Culminó,Sofia Roosen,,,4122820883,,UNIMET,,5/2/2016,,
2016,Culminó,Valeria Perez,,perezvaleria23@gmail.com,4129037237,,UNIMET,,5/2/2016,,
2016,Culminó,Vanessa Gonzalez,,vaness210992@gmail.com,4242667055,,UNIMET,,,,
2016,Culminó,Berni Vivas,,berni.vivas@gmail.com,4241149364,,UNIMET,,3/10/2016,30/11/2016,
2016,Culminó,Crisbel Guzman ,,crisguz1788@gmail.com,4241776674 /04167185243,,UNIMET,,3/10/2016,30/11/2016,
2016,Culminó,Daniel Martinez,,eldanimartinezg@gmail.com,4164142574,,UNIMET,,3/10/2016,30/11/2016,
2016,Culminó,Daniela Moroder,,danimoroder@gmail.com,4242496209,,UNIMET,,3/10/2016,30/11/2016,
2016,Culminó,Jesus Petit,,jesuspetit1991@hmail.com,4142711214,,UNIMET,,3/10/2016,30/11/2016,
2016,Culminó,Johana Orozco,,joysorozco@hotmail.com,4241609800,,UNIMET,,3/10/2016,30/11/2016,
2016,Culminó,Ma Fernanda Rodriguez,,mariafernandarodriguezsalazar@gmail.com,4140218970,,UNIMET,,3/10/2016,30/11/2016,
2016,Culminó,Ma. Patricia Paez,,,4122324584,,UNIMET,,3/10/2016,30/11/2016,
2016,Culminó,Maria Luisa Iturriaga,,maria.iturriaga@gmail.com,4242398868,,UNIMET,,3/10/2016,30/11/2016,
2016,Culminó,Mariana Martinez,,mariana.martinez46@gmail.com,4242815977,,UNIMET,,3/10/2016,30/11/2016,
2016,Culminó,Melany Bonive,,mbonive29@gmail.com,4126286255,,UNIMET,,3/10/2016,30/11/2016,
2016,Culminó,Paola Requena,,requena.pao@gmail.com,4122309947,,UNIMET,,3/10/2016,30/11/2016,
2016,Culminó,Sarah Odreman ,,odreman.sarah10@gmail.com,4122638931,,UNIMET,,3/10/2016,30/11/2016,
2016,Culminó,Xiomara Bolivar,,xiomara.bolivar@gmail.com,4241374755,,UNIMET,,3/10/2016,30/11/2016,
2016,Culminó, Erika Perdomo,,01erikaperdomo@gmail.com,4241966096,,UCAB,,1/4/2016,,
2016,Culminó,Geraldine Kabojian,,geraldinekm2@hotmail.com,4242118555,,UCAB,,2/8/2016,4/9/2016,
2016,Culminó,Anddy Moreno,,gabriellaberbessi@gmail.com,04128204020/ 02127539756,,UCV,Comunicación Social,5/2/2016,24/6/2016,
2016,Culminó,Yarleska Hernandez,,yarlehernandez22@gmail.com,4241354124,,UCV,Comunicación Social,5/2/2016,24/6/2016,
2016,Culminó,Sylvana Lopez,,sylviilop@gmail.com,4166151464,,UCV,Comunicación Social,5/2/2016,24/6/2016,
2016,Culminó,Luis Rivas,,luisrrc6@gmail.com,4241151117,,UCV,Comunicación Social,5/2/2016,24/6/2016,
2016,Ver observación,Chiquinquira Contreras,,shiky14cr@gmail.com,4142059142,,ISUM,,6/10/2016,27/11/2016,no hay soporte de proyecto ni hay carta de culminacion  
2016,Ver observación,Marisol Gomez,,marisolgomezgonzalez@hotmail.com,4242708826,,ISUM,,6/10/2016,27/11/2016,no hay soporte de proyecto ni hay carta de culminacion  
2016,Se Retiró,Maria Maimon,,maberoes1211@hotmail.com,4269107102,,CUECMC,Enfermeria,11/4/2016,14/5/2016,
2016,Suspendido,Dougleiny Melendez Villamizar,25846923,mariany-16@hotmail.com,4242832304,,CUECMC,Enfermeria,21/11/2016,,Estudiante se suspendió por ser irregular en su apoyo
2016,Suspendido,Wiledys Sejias,22528500,wiledyssejias@gmail.com,4142115425,,CUECMC,Enfermeria,7/11/2016,,Suspendida por mentir en las horas
2017,Culminó,Daniela Valentina Certad Rondon ,,Dani Certad <danicertad@gmail.com>,04149019115,,Au Pair,,19/12/17,9/2/2018,
2017,Culminó,Sarai Monje Lozano,,smnlozano@gmail.com,04127238231,,Au Pair,,18/12/17,1/31/2018,
2017,Culminó,Grexibell Carolina Hernández Gil,,grexihrnandz@gmail.com,04143449709,,AVAA Proexcelencia,Bibliotecología,23/4/2017,3/2/2019,iba a iniciar el viernes 17 marzo pero se enfermó comenzó en abril. Dijo que era voluntaria natural y luego informo ser de AVAA. El 5 Julio informó que se retira hasta nuevo aviso. Envió correo 20/09/17 que retoma el 8 de Octubre cada 15 días
2017,Culminó,Valeria prato,,valery.prato1997@hotmail.com,0426-416-53-52,,AVAA Proexcelencia,Economía,7/7/2017,28/8/2014,Culmino su servicio cuminitario con 50 horas  se le entrego carta de culminacion. /JM 28-08
2017,Culminó,Diego  D´ignazi De Domenico,,dieg-22@hotmail.com,04142771227,,Casos Especiales,Ingeniería Mecánica,1/8/2017,3/8/2017,Realiza Servicio Comunitario de 18 horas por orden de un Juez en EEUU
2017,Culminó,Andrea Rodríguez ,23067378,andreamaurera123@hotmail.com,0414 0108778,1-jul-17,CUECMC,Enfermeria,7/8/2017,15/9/2017,Carta de culminación entregada el 18/09/18
2017,Culminó,Karmen Apitz,26528304,ari.apitz.11@gmail.com,4129719390,,CUECMC,Enfermeria,26/6/2017,14/8/2017,Carta entregada el 04/09/17
2017,Culminó,Aliana Vegas,25216978,alianavegas@gmail.com,4141269996,,CUECMC,Enfermeria,11/5/2017,21/6/2017,Carta entregada el 20/10/17
2017,Culminó,Ariadna torres,23611141,ariadnatg0706@gmail.com,04165389928/04142260148,,CUECMC,Enfermeria,8/5/2017,9/5/2018,Carta entregada el 24/11/17
2017,Culminó,Arlett Cova ,25701728,arlettcovadiaz@gmail.com,0414 2981709/0414 1174968/0239 2244771,9-ago-17,CUECMC,Enfermeria,21/8/2017,29/9/2017,Carta de culminación realizada el 04/10/17
2017,Culminó,Bárbara Silva,23947868,Joserik.silva@gmail.com,4141782342,,CUECMC,Enfermeria,3/2/2017,14/3/2017,Carta de culminacion entregada el 15/03/17
2017,Culminó,Bianca Egidio ,24171407,andregidio-23@hotmail.com,4241695104,20-may-17,CUECMC,Enfermeria,22/6/2017,22/6/2017,Carta entregada el 18/08/17
2017,Culminó,Catherina Chidiac,24.805.302,cati_07-9@hotmail.com,0414-369-02-62,20-may-17,CUECMC,Enfermeria,26/6/2017,21/7/2017,Carta de Culminación Entragada el 21/10/17
2017,Culminó,Elibeth Perez,25235197,elipgo13@gmail.com,0424-113.55.76 y 04168104660,1-ago-17,CUECMC,Enfermeria,11/9/2017,10/10/2017,Carta de culminación realizada el 24/10/17
2017,Culminó,Emely Z. Albiarez ,25.304.951,emely_bebita@hotmail.com,(0212) 858.95.23/ (0412) 715.21.01/ (0426) 613.39.96. ,20-may-18,CUECMC,Enfermeria,11/5/2017,21/6/2017,Carta entregada el 21/10/17
2017,Culminó,Estefania Suarez,24.073.939,estefaniasuarez36@gmail.com,0414 3967957,25-mar-17,CUECMC,Enfermeria,28/3/2017,26/5/2017,Carta entregada el 26/05/17
2017,Culminó,Genesis Mato,,gdmh95@gmail.com dayhan_26@hotmail.com ,4129261758,,CUECMC,Enfermeria,3/2/2017,18/2/2017,Carta entregada el 15/03/17
2017,Culminó,Genessys Hernández ,21538601,genessys_h@hotmail.com,0414-291-5782 y 0412-730-2412,25-mar-17,CUECMC,Enfermeria,3/4/2017,5/5/2017,Entregada Carta de culminación 08/05/17
2017,Culminó,Gilbeys Echezuria,26.040.099,gilbeysechezuria@gmail.com,0424 2756043,31-mar-17,CUECMC,Enfermeria,3/4/2017,8/5/2017,entregada el 08/05/17
2017,Culminó,Gragerly Montes,24206954,gragerlyn@gmail.com,0414 9303083,1-ago-17,CUECMC,Enfermeria,21/8/2017,22/9/2017,Entregada Carta de culminación
2017,Culminó,Glorielys Armas ,25235288,glorielys25@gmail.com,0424-167.0076.,1-jul-17,CUECMC,Enfermeria,7/8/2017,1/9/2017,Carta de culminación entregada el 04/09/17
2017,Culminó,Jederling Roxana Artahona ,20977871,jederling_roxana@hotmail.com,0416.819.130.7,1-jul-17,CUECMC,Enfermeria,31/7/2017,25/8/2017,carta entregada el 28/08/18
2017,Culminó,Jeferson Díaz,20839446,diazoshun5@hotmail.com,4142495620,,CUECMC,Enfermeria,20/2/2017,31/3/2017,Carta entregada el 06/04/17
2017,Culminó,Jennifer Gallardo,15801350,jenigallardo11@gmail.com,0412 2011974,1-jul-17,CUECMC,Enfermeria,9/10/2017,10/11/2017,
2017,Culminó,Jenny De Gouveia Nunes,20791204,jennynunes92@gmail.com,4142162416,,CUECMC,Enfermeria,7/8/2017,17/8/2017,
2017,Culminó,Jesús Gallardo,19684418,gallardo_1990@hotmail.com,0414 2495620,1-jul-17,CUECMC,Enfermeria,20/2/2017,,Entregada 31/03/17
2017,Culminó,Jhoanna Pérez,23.691.281,kottufa@gmail.com,0424 2490364,16-mar-17,CUECMC,Enfermeria,3/4/2017,12/5/2017,Envió planilla digitalizada /carta entregada el 13/05/17
2017,Culminó,Juliandris Vera,25.523.658,juliandrisg@gmail.com,0424 1101571,16-mar-17,CUECMC,Enfermeria,20/3/2017,27/4/2017,Carta entregada el 02/05/17
2017,Culminó,Karla Delgado,22.496.394,karla_paola634@gmail.com,4133077865,,CUECMC,Enfermeria,25/9/2017,12/12/2017,carta entregada el 12/12/17
2017,Culminó,"Katherine Joribel Dalas Espinoza,",22760436,katherinejdalas@gmail.com,04242851503 y 04162101857,20-may-17,CUECMC,Enfermeria,26/6/2017,29/8/2017,Carta de culminación entregada el 21/10/17
2017,Culminó,keelian rojas,ci: 19512044,keelianrojas09@gmail.com,4142908124,,CUECMC,Enfermeria,31/5/2017,10/7/2018,Carta entregada el 12/10/17
2017,Culminó,Klendymar jakeline suarez calderon,25216912,klendy_suarez17@hotmail.com,0424 2247185,,CUECMC,Enfermeria,8/5/2017,30/6/2017,Carta entregada el 06/07/17
2017,Culminó,Irene E. De Jesús Osuna,26.303.349,de_jesus_irene@hotmail.com,0414 901 08 10,,CUECMC,Enfermeria,10/7/2017,10/8/2017,Carta entregada 21 /09/18
2017,Culminó,Luisana Rodríguez,21537062,luisalibiris_15@hotmail.com,(0412)227-61-95/(0212)442-99-29 ,2-sept-17,CUECMC,Enfermeria,18/9/2017,13/10/2017,
2017,Culminó,Luz Milagros Urbina Cantillo ,25.326.544,urbinacantillomilagros@hotmail.es,04162131298/04263107880,16-jun-17,CUECMC,Enfermeria,16/6/2017,13/7/2017,Carta entregada 17/07/17
2017,Culminó,Maria Gabriela Barrero,24478200,maggibarrero_12@hotmail.com,0412 3793122,2-sept-17,CUECMC,Enfermeria,27/9/2017,8/11/2017,carta entregada 23/10/17
2017,Culminó,Maria Gabriela Figueira Luis ,24.902.710,gbyfigueiraaa@gmail.com,4126155548,20-may-17,CUECMC,Enfermeria,3/7/2017,9/8/2017,
2017,Culminó,Mariangel Martinez Guzman ,24933239,mariangelita19971@hotmail.com,4241570365,20-may-17,CUECMC,Enfermeria,4/7/2017,4/8/2017,carta entregada 21/10/17
2017,Culminó,Mariangelica Castillo Cerezo,25304878,ccm-21@hotmail.com,0414 1959530,1-jul-17,CUECMC,Enfermeria,17/7/2017,9/9/2017,carta entregada el 25/09/17
2017,Culminó,Maritza Espinoza,12501032,mariespinoza.007@gmail.com,4129240659,,CUECMC,Enfermeria,15/5/2017,2/7/2017,Carta  entregada el 06/07/17
2017,Culminó,Marlin Geraldine Marchese,21377621,marchesegeraldine@gmail.com,2122152919,,CUECMC,Enfermeria,20/2/2017,24/3/2017,Carta entregada el 24/03/17
2017,Culminó,Mayeilis García,23.712.984,mayehernandez50@gmail.com,0426 1116796,16-mar-17,CUECMC,Enfermeria,3/4/2017,12/5/2017,Carta de culminación entregada el 12/05/17
2017,Culminó,Mirneth Jokseany Pestana Marquéz ,24208914,mirnethmarquez@gmail.com,4242376372,1-jul-17,CUECMC,Enfermeria,21/8/2017,19/10/2017,carta de culminación entregada el 20/10/17
2017,Culminó,Natalia Maldonado,25.229.081,natalia.maldonado12@hotmail.com,0414 8942091,,CUECMC,Enfermeria,11/5/2017,21/6/2017,Carta de culminación entregada el 21/10/17
2017,Culminó,Nelier Hernandez,23.608.375,nelierhernandez2012@hotmail.com ,0424 2944323,1-jul-17,CUECMC,Enfermeria,17/7/2017,15/8/2017,Carta de culminación entregada el 16/08/17
2017,Culminó,Nubia Esperanza Cárdenas,15989601,esperanzacardenas1983@hotmail.com,0424 1337103,29/9/2017,CUECMC,Enfermeria,9/10/2017,10/11/2017,
2017,Culminó,Paola Gómez,25751159,paolaalejandrilla@hotmail.com,4242636681,,CUECMC,Enfermeria,20/2/2017,20/2/2017,entregada el 06/04/17
2017,Culminó,Paula Isabel Carrillo Sanchez,25867387,paulcarsan@hotmail.com,0414 2602909,9-ago-17,CUECMC,Enfermeria,21/8/2017,2/10/2017,Entregada Carta de culminación
2017,Culminó,Sugeidi Paternina,22965019,sugeidipaternina@gmail.com,0426 9007250,,CUECMC,Enfermeria,17/5/2017,25/5/2017,
2017,Culminó,Tania alexandra gonzález montero,13.642.627,tgonzales1975@gmail.com,0416 5954822,27-jun-17,CUECMC,Enfermeria,28/6/2017,11/8/2017,Carta entregada el 15/09/18
2017,Culminó,Vanesa Carolina Alvis Morales,25531348,noraimamh17@gmail.com,0414  9135630,1-jul-17,CUECMC,Enfermeria,21/8/2017,29/9/2017,carta entregada el 06/10/18
2017,Culminó,"Wilfred Velasquez,",23.569.063,wilfredoaggayu001@hotmail.com,0414-146-9766,16-mar-17,CUECMC,Enfermeria,20/3/2017,28/4/2017,Carta entregada el 02/05/17
2017,Culminó,Wuinderli Contreras ,25.212.149,contreraswuinderli1994@gmail.com,4241455633,31-mar-17,CUECMC,Enfermeria,3/4/2017,8/5/2017,Carta entregada 09/05/17
2017,Culminó,Yessika Balasnoa ,21377441,jessikabalasnoa1@gmail.com,04126320205 - 04242024381,29-abr-17,CUECMC,Enfermeria,4/5/2017,30/6/2017,Carta entregada el 06/07/17
2017,Culminó,Yraimi Arteaga,24272627,yraimi.arteaga@gmail.com,4126305692,26/9/2017,CUECMC,Enfermeria,2/10/2017,8/12/2017,
2017,Culminó,Isbel Pereira ,25221451,aniledifortiz@gmail.com,424 2933609,19/10/2017,CUECMC,Enfermeria,14/11/2017,22/12/2017,No retiro carta de culminación
2017,Culminó,Fabiola Muro,24905645,fabiolamuro@live.com,0424 1055044,4/11/2017,CUECMC,Enfermeria,14/11/2017,22/12/2017,No retiro carta de culminación
2017,Culminó,Belkis Maria Carrillo Zerpa,144142582,belkiscarrillo6@hotmail.com,4141404948,4/11/2017,CUECMC,Enfermeria,15/11/2017,31/1/2017,"estudiante irregular, se renegoció horas de apoyo"
2017,Culminó,Jean franco Rojas,24862036,jeanfrancor96@gmail.com,0424 2042470,9-dic-17,CUECMC,Enfermeria,26-Dic-2017,9/2/2017,
2017,Culminó,Diagney Molina,23695880,francis_diagney@hotmail.com,0212 8587619,9-dic-17,CUECMC,Enfermeria,26-Dic-2017,5/2/2017,
2017,Culminó,Aida Fernández,24.367.955,metallica25.nl@gmail.com,0424.163.16.99,21-nov-17,CUECMC,Enfermeria,4/12/2017,26/1/2018,
2017,Culminó,Canelon Andres,25807932,andrese.canelon@gmail.com,,,UNIMET,,25/9/2017,,
2017,Culminó,Contreras Marialaura,25235853,marialauracont@gmail.com,4141530721,,UNIMET,,25/9/2017,,
2017,Culminó,Di Iuto Donato,25234091,donatodiiuro@correo.unimet.edu.ve,,,UNIMET,,25/9/2017,,
2017,Culminó,Novel Annabella,25218518,annabella96@gmail.com,4123977904,,UNIMET,,25/9/2017,,
2017,Culminó,Isabella Penelope,26250752,isa_penelope@hotmail.com,,,UNIMET,,25/9/2017,,
2017,Culminó,Rodriguez Maria ,25236618,Rodriguezlafeemaria@gmail.com,4129362202,,UNIMET,,25/9/2017,,
2017,Culminó,Torres Jesus,24460856,jesustorres.1995@gmail.com,,,UNIMET,,25/9/2017,,
2017,Culminó,Alfonzo Maria,20754114,mariahelena.alfonzo@gmail.com,04129156611/04141569120/02122414470,,UNIMET,,25/9/2017,,
2017,Culminó,Ciordia Ana,24203940,analct@hotmail.com,,,UNIMET,,25/9/2017,,
2017,Culminó,Corvo Valeria,24440932,valeriacorvo19@gmail.com,4241176534,,UNIMET,,25/9/2017,,
2017,Culminó,Dos Santo Elianys,20301106,eli2788@hotmail.com,4120118772,,UNIMET,,25/9/2017,,
2017,Culminó,Duarte Roxana,24210846,roxanaduarte95@hotmail.com,4140287362,,UNIMET,,25/9/2017,,
2017,Culminó,Gonzalez David,24407197,davidgterrasi@gmail.com,4142238560,,UNIMET,,25/9/2017,,
2017,Culminó,Hopkins Guillermo,25639841,ghopkinsp@gmail.com,4241235556,,UNIMET,,25/9/2017,,
2017,Culminó,trujillo Valentina,21615409,valentruji_11@hotmail.com,4141182189,,UNIMET,,25/9/2017,,
2017,Culminó,Vargas Stephanie,25225171,vargass@correo.unimet.edu.ve,4241411244,,UNIMET,,25/9/2017,,
2017,Culminó,Andreína  Duarte     ,24699371,andreinaduarte07@gmail.com,4241656742,,UNIMET,,14/1/2017,,
2017,Culminó,Andreina Mayorca       ,20654433,nayuki.twang@gmail.com,4129594664,,UNIMET,,,,
2017,Culminó,Andrés Canelón       ,25807932,andrese.canelon@gmail.com,4248369486,,UNIMET,,,,
2017,Culminó,Auri De Marchis          ,24108660,auridmv@gmail.com,4242584813,,UNIMET,,,,
2017,Culminó,Bernardo Herrera,12626980,bernardoveloz@gmail.com,4149102909,,UNIMET,,,,
2017,Culminó,Fernando Cárdenas,23686517,fcarmij@gmail.com,,,UNIMET,,,,
2017,Culminó,Francesca Negri,18589343,francesca_negri@hotmail.com,4122508727,,UNIMET,,25/9/2017,,Estudiante viene de Trimestre anterior
2017,Culminó,Guillermo García     ,20028775,guillermoegarcia@gmail.com,,,UNIMET,,,,
2017,Culminó,Ivan Malaret,25272221,ivanmalrod@hotmail.com,,,UNIMET,,,,
2017,Culminó,Jesus Torres,24460856,jesustorres.1995@gmail,4122871818,,UNIMET,,25/9/2017,,Estudiante viene de Trimestre anterior
2017,Culminó,José Agostini,23631937,jm_agostini1995@hotmail.com,4242783556,,UNIMET,,,,
2017,Culminó,Juan Campbell,23686195,jacrincon@hotmail.com,,,UNIMET,,,,
2017,Culminó,Luis Crespo,25212120,crespoluis03@gmail.com,4241608573,,UNIMET,,,,
2017,Culminó,Luis Puigbó              ,25991548,lupm95@gmail.com,4143131124,,UNIMET,,,,
2017,Culminó,Marlenys Trujillo           ,18037177,marlenitababy@hotmail.c,4241506570,,UNIMET,,,,
2017,Culminó,Marlon Rojas,23694510,marlonrojas94@hotmail.com,4242843083,,UNIMET,,,,
2017,Culminó,Milly Maita               ,25663359,milly.maita.rossy@gmail.com,4242618678,,UNIMET,,,,
2017,Culminó,Samuel Márquez,22774360,samuelmar_216@hotmail.com,4129386101,,UNIMET,,25/9/2017,,Estudiante viene de Trimestre anterior
2017,Culminó,Santiago Aguiar              ,21759313,santiagoaguiard@gmail.com,,,UNIMET,,,,
2017,Culminó,Sophia Martínez            ,23708044,sophie_martinez94@hotmail.com,,,UNIMET,,,,
2017,Culminó,Victoria Rodríguez           ,23714509,vickysabri@hotmail.com,4123202188,,UNIMET,,,,
2017,Culminó,Isabella León,22496530,isabellaleonc@gmail.com,0424-2652724,,UNIMET,,27/1/2017,finales Julio 2017,
2017,Culminó,Jesús Petit,,jesuspetit1991@hmail.com,0414-2711214,,UNIMET,,27/1/2017,finales abril 2017,Realizó Servicio Comunitario en Octubre 2016
2017,Culminó,María Fernanda Rodríguez,24088177,mariafernandarodriguezsalazar@gmail.com,4140218970,,UNIMET,,27/1/2017,,envió mail informando que me dejaría la copia CI en oficina
2017,Culminó,María Luisa Iturriaga,20492959,maria.iturriagar@gmail.com,0424-2398868,,UNIMET,,27/1/2017,finales Julio 2017,
2017,Culminó,Mariana García,21069280,g.latozefky@gmail.com,0424-8266879,,UNIMET,,27/1/2017,finales Julio 2017,
2017,Culminó,Melany Blanco,23944174,melanygabrielab@gmail.com,4122307094,,UNIMET,,27/1/2017,finales Julio 2017,
2017,Culminó,Oswaldo Delgado,,oswaldodelgado@hotmail.com,0412-9625953,,UNIMET,,27/1/2017,finales abril 2017,Realizó Servicio Comunitario en Mayo 2016
2017,Culminó,Sarah Odremán,19993136,odreman.sarah10@gmail.com,0412-2638931,,UNIMET,,27/1/2017,finales abril 2017,Realizó Servicio Comunitario en Octubre 2016
2017,Culminó,Katherine Moros,19505304,kmorosp@gmail.com,0414-2607653,5/5/2017,UNIMET,,27/1/2017,,
2017,Culminó,Marco Falcón,20175576,falconpradom@gmail.com,0412-3180392,5/5/2017,UNIMET,,,,
2017,Culminó,Sabrina Villanova,23694401,villaciancio@hotmail.com ,0424-1663905,5/5/2017,UNIMET,,,,
2017,Culminó,Ainara Iriarte,,ainarav.iriarte@gmail.com,0424-1819602,5/5/2017,UNIMET,,,1/12/2017,
2017,Culminó,Ana María Henríques,,anamariahenriques@gmail.com,0424-1745185,5/5/2017,UNIMET,,,1/12/2017,
2017,Culminó,Maurizio Patricelli,,mepc1204@gmail.com,0426-1212055,5/5/2017,UNIMET,,,1/12/2017,
2017,Culminó,Verónica García,,verog5a@gmail.com,0424-2095271,5/5/2017,UNIMET,,,1/12/2017,
2017,Culminó,Vito Comuniello,,vitocomuniello@correo.unimet.edu.ve,0412-6208973,5/5/2017,UNIMET,,,1/12/2017,
2017,Culminó,Vanessa Cruz,,vane_10cr@hotmail.com,0414-7958299,,UCAB,,13/2/2017,6/3/2017,Estudiantes entraron a través de Erika Pardo
2017,Culminó,Edgar Escobar,,Edgarescobarduncan@hotmail.com,0424-2067121,,UCAB,,14/2/2017,7/3/2017,Estudiantes entraron a través de Erika Pardo
2017,Culminó,Daniela Ponce,,Daniponce_11@hotmail.com,0424-2962220,,UCAB,,13/2/2017,6/3/2017,Estudiantes entraron a través de Erika Pardo
2017,Culminó,Manuela Isadora Garcia Mendes,,manuelaigm1993@gmail.com,4124103884,,UCAB,Comunicación Social,21/10/2017,30/12/2017,EstudianTe de Comunicacion Social
2017,Culminó,Maria Fernanda Delgado Perez,,mariafernandadp2707@gmail.com,4241923522,,UCAB,Comunicación Social,13/11/2017,12/2/2018,EstudianTe de Comunicacion Social
2017,Culminó,Barbara Carballo ,26152340,barbaranathalie29@gmail.com,0426-6071600,18/2/2017,UCSAR,Comunicación Social,18/2/2017,17/5/2017,"Presentarán Propuesta de Proyecto para organizar con Bambi , les falta entregar el proyecto."
2017,Culminó,Jose Molina,22751802, josemolinav95@gmail.com, 0426-1123497,18/2/2017,UCSAR,Comunicación Social,18/2/2017,17/5/2017,"Presentarán Propuesta de Proyecto para organizar con Bambi , les falta entregar el proyecto."
2017,Culminó,María Alejandra Silva ,20913480,marialexsilva015@gmail.com,0414-1094874 ,18/2/2017,UCSAR,Comunicación Social,18/2/2017,17/5/2017,"Presentarán Propuesta de Proyecto para organizar con Bambi , les falta entregar el proyecto."
2017,Culminó,Yusmary Lara,24139268,yusmarylaraq@gmail.com,4269762067,18/2/2017,UCSAR,Comunicación Social,18/2/2017,17/5/2017,"Presentarán Propuesta de Proyecto para organizar con Bambi , les falta entregar el proyecto."
2017,Culminó,Stefany Arias,23526296,stefayarias0895@gmail.com,0424 1012502,18/2/2017,UCSAR,Comunicación Social,18/2/2017,17/5/2017,"Presentarán Propuesta de Proyecto para organizar con Bambi , les falta entregar el proyecto."
2017,Culminó,Greisy Nathaly del Valle Marcano,,greynathaly@gmail.com,4141004814,,UCV,Comunicación Social,2/10/2016,9/7/2017,
2017,Culminó,Beatriz Fraile,,beafraileo@gmail.com,4243780281,,UCV,Comunicación Social,2/10/2016,9/7/2017,
2017,Culminó,Oscar rodriguez,,oscare0108@hotmail.com,4167043500,,UCV,Comunicación Social,2/10/2016,9/7/2017,
2017,Culminó,Cindy Rodriguez,,cinthy107@gmail.com,4248834688,,UCV,Comunicación Social,2/10/2016,9/7/2017,
2017,Culminó,Isabel Quintero,,ikiquintero_94@hotmail.com,4140149505,,UCV,Comunicación Social,2/10/2016,9/7/2017,
2017,Culminó,Raul Ynojosa,,rauleduar7@gmail.com,2126326984,,UCV,Comunicación Social,2/10/2016,9/7/2017,
2017,Culminó,Juan Ignacio Sanoja,,juanignaciosanoja@gmail.com,4241631212,,UCV,Comunicación Social,2/10/2016,9/7/2017,
2017,Culminó,Genesis Salas,24478535,paola.salassalas@gmail.com,4142098043 04149374962,4/11/2017,UCV,Enfermeria,13/11/2017,16/1/2018,estudiante se contagió de lechina y tuvo que retirarse por 2 semanas
2017,Culminó,Jesus Vergara,18003392,jegavergara@gmail.com,4262164490,,UCV,Ingeniería Eléctrica,20/2/2017,1/6/2017,"Estudiante reconocido, ya que ha brindado apoyo educativo a los adolescentres "
2017,Culminó,Carmen Herminia Rojas Pereira,9867798,carmenhrojasp@gmail.com,0416 208 83 71,,UCV,Idiomas Modernos,15/3/2017,31/5/2018,
2017,Sin Iniciar,Alianmar Pinedo,,pinedoalianmar.08@gmail.com,0424 2659388,,AVAA Proexcelencia,Economía,22/6/2017,,"No ha ido ningún día, no ha enviado correo informando la razón de del por qué no ha iniciado"
2017,Se Retiró,Laura Contreras,,lauravcm30@gmail.com,04126841943 -0412 1466627,,UCV,Estudios Internacionales,26/09/17,,no ha sido muy constante
2017,Se Retiró,Oriana Rivas,19693050,orianavalentina2509@gmail.com,0412 3905760,20-may-17,CUECMC,Enfermeria,22/6/2017,7/7/2017,Problemas con un seno operado y ausencia. Decidió retirarse. Envió email 12/07/17
2017,Se Retiró,Vanessa Bustillo,16111499,vanessabustillo1984@hotmail.com,0414 9215782,1-ago-17,CUECMC,Enfermeria,11/9/2017,20/10/2017,Decidio retirarse debido a que estaba muy lejos de la intitucion eso le impedia llegar a tiempo
2017,Se Retiró,Brenda De Pasquali,,brendadepasquali@hotmail.com,0412-0141562,5/5/2017,UNIMET,,27/1/2017,,Retirada por no poder trasladarse a nuestra sede.
2017,Se Retiró,Crisbel Guzmán,,crisguz1788@gmail.com,0424-1776674,5/5/2017,UNIMET,,27/1/2017,,Retirada por no poder trasladarse a nuestra sede.
2017,Se Retiró,Dayana Paredes,,p.dayanak@gmail.com,0416-4283314,5/5/2017,UNIMET,,27/1/2017,,Retirada por no poder trasladarse a nuestra sede.
2017,Se Retiró,María Claudia Bravo,,mcbravovera@gmail.com,0412-5153004,5/5/2017,UNIMET,,27/1/2017,,Retirada por no poder trasladarse a nuestra sede.
2017,Se Retiró,Mayra Arcila,,,,5/5/2017,UNIMET,,27/1/2017,,no se tiene planilla de identificación.Retrada
2017,Se Retiró,Valentina Callaos,,,0416-5182188,5/5/2017,UNIMET,,,,Iniciando este trimestre. Debe entregar planilla Retirada
2017,Suspendido,Estefanía Buitrago,22.760.474,estefibs05@gmail.com,0416 9228524,,UCV,Trabajo Social,22/3/2017,,suspendida por no ser constantes en su actividad. Estuvo 2 meses sin venir
2017,Suspendido,Bárbara González,24.695.836,bgonzalez_devenuto@hotmail.es,0424 1274745,,UCV,Trabajo Social,22/3/2017,,suspendida por no ser constantes en su actividad. Estuvo 2 meses sin venir
2017,Suspendido,Lisset Colmenares,21.121.581,colmenareslisset@yahoo.com,0412 0269582,,UCV,Trabajo Social,22/3/2017,,suspendida por no ser constantes en su actividad. Estuvo 2 meses sin venir
2017,Suspendido,Luz Nayibe Pinto,22.759.120,nayipint98@hotmail.com,0426 8188364,,UCV,Trabajo Social,22/3/2017,,suspendida por no ser constantes en su actividad. Estuvo 2 meses sin venir
2018,Culminó,Ana Sofia Nuñez,28.007.227,anasofianunez22@gmail.com,4242803462,9/6/2018,Au Pair,,25/6/2018,26/10/2018,Hasta el 9 de Sep estuvo en Bambi Enlace luego pasó a Bambi 3. Hasta el 26 oct  lleva 320 horas
2018,Culminó,Maria Gabriela Díaz Martinez,24.218.657,mariagdiaz10@gmail.com,4149013794,30/7/2018,Au Pair,Ingeniería Industrial,25/7/2018,10/9/2018,se le entregó formato de Programa firmado y sellado el 13 Sep 2018
2018,Culminó,Gabriela Trompetero,22522521,,4122113456,1/3/2018,IU Americo Vespucio,Turismo,8/3/2018,5/5/2018,Carta de culminación entregada
2018,Culminó,Angel Ramirez,25.869.953,angeleduardo-10@hotmail.com,424869953,9/12/2017,AVAA Proexcelencia,Ingeniería,22/12/2017,02/19/2018,
2018,Culminó,Milagros Maestre,25.051.348,milivanesamaestre98@gmail.com,4269061423,9/12/2017,AVAA Proexcelencia,Enfermeria,22/12/2017,19/1/2018,
2018,Culminó,Siomarlys Bastardo,25.661.863,siobast1@gmail.com,4141107360,9/12/2017,AVAA Proexcelencia,Comunicación Social,22/12/2017,19/1/2018,
2018,Culminó,Grexibell Hernandez,26.153.847,grexihrnandz@gmail.com,04143449709/02443862091,1/2/2017,AVAA Proexcelencia,Bibliotecología,28/5/2017,11/11/2018,Del 11 de Marzo al 11de Noviembre realizó 35 horas de apoyo
2018,Culminó,Ailex Machado,14.964.369,ailex_machado@hotmail.com,4125965880,3/8/2017,CUECMC,Enfermeria,9/4/2018,18/5/2018,Se le entrego carta de culminacion el 18/05/18
2018,Culminó,Fanny Diaz,26.510.174, fannydiazme@gmail.com,4264513460,14/11/2018,CUECMC,Enfermeria,27/11/2018,30/12/2018,Se envió carta de culminación vía digital el 04/01/19
2018,Culminó,Génesis Yanez,25.304.352,genesisyanez01@hotmail.com,4167149531,14/11/2018,CUECMC,Enfermeria,5/12/2018,30/12/2018,Se envió carta de culminación vía digital el 07/01/19
2018,Culminó,Gregory Tovar,18.271.001,grehorytovar@gmail.com,4123779195,30/7/2018,CUECMC,Enfermeria,6/8/2018,27/9/2018,
2018,Culminó,Isabel Andreina Suarez,17.124.819,isabelsuarez84@hotmail.com,4120127457,18/7/18,CUECMC,Enfermeria,23/7/2018,28/8/2018,en espera que retire carta de culminación
2018,Culminó,Kevin Castillo,25.915.810,kevincastillo2014.kc@gmail.com,4125650283,15/03/18,CUECMC,Enfermeria,11/4/2018,25/5/2018,Se le entrego carta de culminacion el 18/05/18
2018,Culminó,Leomary Ramirez,19.224.095,ramirezleomary@gmail.com,4168097364,11/05/18,CUECMC,Enfermeria,14/5/2018,3/6/2018,Se le entrego carta de culminación el 08/06/18
2018,Culminó,Lisbeth carrero,27.451.158, lisbeth.carrero@hotmail.com ,4123059935,14/11/2018,CUECMC,Enfermeria,20/11/2018,21/12/2018,Se envió carta de culminación vía digital el 04/01/19
2018,Culminó,Luisa Avila,27.103.588,Luu14a@oulook.com,4140119365,04/04/18,CUECMC,Enfermeria,4/4/2018,11/5/2018,Se le entrego carta de culminacion el 14/05/18
2018,Culminó,Mariana Tovar,24.843.527,marianatovar16@gmail.com,4140119365,04/04/18,CUECMC,Enfermeria,4/4/2018,11/5/2018,Se le entrego carta de culminacion el 15/05/18
2018,Culminó,Mary Isabel Ordonez,21.437.345,Iram_isabel@hotmail.com,4262054923,14/8/2018,CUECMC,Enfermeria,14/9/2019,29/11/2018,se le envió carta culminación vía digital
2018,Culminó,Rosa Siatoya,14.69.0453,rosa16enfermeria@gmail.com,4268379152,08/05/18,CUECMC,Enfermeria,10/5/2018,20/6/2018,Ani Rodriguez le entregó la carta de culminación 22/06/18 (karina le envió el formato por correo a Ani)
2018,Culminó,Yenifeer Acevedo,25.704.811,yeniferacevedo25@gmail.com,4169345048,3/8/2017,CUECMC,Enfermeria,9/4/2018,18/5/2018,Se le entrego carta de culminacion el 18/05/18
2018,Culminó,Luisana Aponte,22.035.720,laponte2808@gmail.com,4122968610,,CUECMC,Enfermeria,15/1/2018,22/2/2018,
2018,Culminó,Sonia Cardenas,17.759.119,soniacardenas26@hotmail.com,4241601028,,CUECMC,Enfermeria,26/12/2017,5/2/2017,Se le entrego carta de culminación
2018,Culminó,Daylimar Carreño ,25.234.074,daylimar02@hotmail.com,4129153166,1/3/2018,CUC,Turismo,28/4/2018,12/10/2018,retira su carta culminación el 22 Octubre
2018,Culminó,Alexandra Borrego,26.774.906,aleeborregoo@gmail.com,4140277002,28/4/2018,IUJO,Educación Preescolar,,,"Realizaron una actividad puntual en Bambi Enlace, con la tutoria de la docente de Servicio Comunitario"
2018,Culminó,Ana Herrera,22.022.292,gabiurbanismos@gmail.com,4242646632,28/4/2018,IUJO,Educación Preescolar,,,"Realizaron una actividad puntual en Bambi Enlace, con la tutoria de la docente de Servicio Comunitario"
2018,Culminó,Angeline Nieves,24.801.560,angelinelnievesb@gmail.com,4125543832,28/4/2018,IUJO,Educación Preescolar,,,"Realizaron una actividad puntual en Bambi Enlace, con la tutoria de la docente de Servicio Comunitario"
2018,Culminó,Dalesska Perdomo,24.778.998,dalesska_p@hotmail.com,4126261386,28/4/2018,IUJO,Educación Preescolar,,,"Realizaron una actividad puntual en Bambi Enlace, con la tutoria de la docente de Servicio Comunitario"
2018,Culminó,Engely Leon ,27.879.704,eliiacnydleonj@gmail.com,4125609495,28/4/2018,IUJO,Educación Preescolar,,,"Realizaron una actividad puntual en Bambi Enlace, con la tutoria de la docente de Servicio Comunitario"
2018,Culminó,Jheldry Oropeza,20.629.088,jheldry_oropeza@hotmail.com,4143699148,28/4/2018,IUJO,Educación Preescolar,,,"Realizaron una actividad puntual en Bambi Enlace, con la tutoria de la docente de Servicio Comunitario"
2018,Culminó,Joselyn Rebolledo,20.304.096,yose_25a@hotmail.com,4242062486,28/4/2018,IUJO,Educación Preescolar,,,"Realizaron una actividad puntual en Bambi Enlace, con la tutoria de la docente de Servicio Comunitario"
2018,Culminó,Karen Briceño,24.182.670,karenbriceño@gmail.com,4262137315,28/4/2018,IUJO,Educación Preescolar,,,"Realizaron una actividad puntual en Bambi Enlace, con la tutoria de la docente de Servicio Comunitario"
2018,Culminó,Mayra Lopez ,18.933.750,mayralopez2290@gmail.com,4260866940,28/4/2018,IUJO,Educación Preescolar,,,"Realizaron una actividad puntual en Bambi Enlace, con la tutoria de la docente de Servicio Comunitario"
2018,Culminó,Odris Moreno,17.706.150,odrysmoreno01802@gmail.com,4122786067,28/4/2018,IUJO,Educación Preescolar,,,"Realizaron una actividad puntual en Bambi Enlace, con la tutoria de la docente de Servicio Comunitario"
2018,Culminó,Valezka Zapata,26.465.950,valezkazapata2@hotmail.com,4122673921,28/4/2018,IUJO,Educación Preescolar,,,"Realizaron una actividad puntual en Bambi Enlace, con la tutoria de la docente de Servicio Comunitario"
2018,Culminó,Yeissy Rivera,13.748.296,yeisol@msn.com,4163538892,28/4/2018,IUJO,Educación Preescolar,,,"Realizaron una actividad puntual en Bambi Enlace, con la tutoria de la docente de Servicio Comunitario"
2018,Culminó,Yohangel Alezander Arias,22.030.733,yohangelarias@hotmail.com,4122673921,28/4/2018,IUJO,Educación Preescolar,,,"Realizaron una actividad puntual en Bambi Enlace, con la tutoria de la docente de Servicio Comunitario"
2018,Culminó,Albani Silva,25.327.220,albanisilva912@gmail.com,4122186432,5/5/2017,UNIMET,Psicología,,,
2018,Culminó,David González,24.407.191,davidgterrasi@gmail.com,4142238560,29/9/2018,UNIMET,Derecho,,,
2018,Culminó,Elianys Dos Santos,20.301.106,elianysnds@gmail.com,4120118772,29/9/2018,UNIMET,Derecho-Estudios Liberales,,,
2018,Culminó,Guillermo Hopkins,25.639.841,ghopkinsp@gmail.com,4241235556,29/9/2018,UNIMET,Administración de Empresas,,,
2018,Culminó,Jose Antonio Carvajal,23.897.275,joseac01017@gmail.com,4249050834,19/1/2018,UNIMET,Derecho-Estudios Liberales,,,
2018,Culminó,Maria Angelina Rodriguez,25.236.618,rodriguezlafeemaria@gmail.com,4129362202,5/5/2017,UNIMET,Psicología Clinica,,,
2018,Culminó,Maria Helena  Alfonzo,20.754.114,mariahelena.alfonzo@gmail.com,04129156611/04141569120,29/9/2018,UNIMET,Psicología,,,
2018,Culminó,Roxana Duarte,24.210.946,roxanaduarte95@gmail.com,4140287362,29/9/2018,UNIMET,Ingeniería de Producción,,,
2018,Culminó,Stephanie Carrillo,24.567.052,srephaniecarrillopire@gmail.com,4142658121,19/1/2018,UNIMET,Ingeniería Química,,,
2018,Culminó,Stefanie Vargas,25.225.171,stephs.vargast@gmail.com,4241411244,29/9/2018,UNIMET,Derecho-Estudios Liberales,,,
2018,Culminó,Valentina Trujillo,21.615.409,trujilloa.valentina@gmail.com,4141182189,29/9/2018,UNIMET,Administración de Empresas,,,
2018,Culminó,Valeria Corvo,24.440.932,valeriacorvo19@gmail.com,4241176534,29/9/2018,UNIMET,Derecho  ,,,
2018,Culminó,Vanessa Vitale,24.311.480,vanevitalep02@gmail.com,4242065655,28/4/2018,UNIMET,Psicología,5/5/2018,,
2018,Culminó,Andres Cassani,17.706.462,andrescassani381@gmail.com,S/N,28/4/2018,UNIMET,Administración de Empresas,5/5/2018,,
2018,Culminó,Braulio Andres Reyes,24.331.259,barg071295@gmail.com,4169381460,28/4/2018,UNIMET,Ingeniería Mecánica,5/5/2018,,
2018,Culminó,Carlos de la Cabada,24.368.376,carlosalc96@gmail.com,4122446699,28/4/2018,UNIMET,Administración de Empresas,5/5/2018,,
2018,Culminó,David Gonzalez,24.407.191,davidgterrasi@gmail.com,4142238560,28/4/2018,UNIMET,Derecho,5/5/2018,,
2018,Culminó,Juan Benavides,20.652.023,juanchoeb91@gmail.com,4242798579,28/4/2018,UNIMET,Ingeniería en Sistemas,5/5/2018,,
2018,Culminó,Valentina de los Angeles Abreu Reyes,24.933.235,abreurtina@gmail.com,4140217073,28/4/2018,UNIMET,Psicología,5/5/2018,,
2018,Culminó,Ángel Galeazzi,24.783.393,angelhgc.9405@gmail.com,0414-7079405,29/9/2017,UNIMET,Psicología,,,
2018,Culminó,Génesis Ávila,25.561.308,genesis. avila.8b@gmail.com,0414-9282636,29/9/2017,UNIMET,Derecho-Estudios Liberales,,,
2018,Culminó,Helen Figueira,25.518.353,figueirahelen3@gmail.com,4122154280,29/9/2017,UNIMET,Derecho-Estudios Liberales,,,
2018,Culminó,Jocelyne Da Silva,27.163.972,dasilvajocelyne@correo.unimet.edu.ve,0414-3353297,29/9/2017,UNIMET,Derecho-Estudios Liberales,,,
2018,Culminó,M° Gabriela Caputo,24.313.676,mariagabrielacaputo@gmail.com,0424-2740445,29/9/2017,UNIMET,Ingeniería de Producción,,,
2018,Culminó,María José Amundaray,25.870.202,gilmariajose97@gmail.com,4142802449,29/9/2017,UNIMET,Psicología,,,
2018,Culminó,Onaider Quintero,25.626.108,quinteroonaider@gmail.com,4141616160,29/9/2017,UNIMET,Derecho,,,
2018,Culminó,Alessandra Constantini,24.901.482,alessandracostantini95@gmail.com,0424-1785409,28/4/2018,UNIMET,Psicología,,,Realizó Pasantía en Enero Abril 2019
2018,Culminó,Alí Pellicer,26.771.508,aliamaroo@gmail.com,0424-1265187,19/1/2018,UNIMET,Psicología,,,
2018,Culminó,Bárbara Reyes,23.944.407,barbara.reyes1202@gmail.com,0412-7015390,19/1/2018,UNIMET,Psicología,,,
2018,Culminó,Daniela Angulo,26.078.248,dani_angulo-m@hotmail.com,0414-2401841,19/1/2018,UNIMET,Psicología,,,
2018,Culminó,Daniela Travieso,25.210.263,danielatravieso@correo.unimet.edu.ve,4241063315,28/4/2018,UNIMET,Psicología,,,
2018,Culminó,Dayana González Forero,26.740.843,dayanagf010@gmail.com,0412-9571111,19/1/2018,UNIMET,Psicología,,,
2018,Culminó,Dilmar Rodríguez,26.473.162,didirodrig04@gmail.com,0424-2379188,19/1/2018,UNIMET,Psicología,,,
2018,Culminó,Elehana Martínez,25.175.978,elehanamartinez@gmail.com,0424-2584184,19/1/2018,UNIMET,Psicología,,,
2018,Culminó,Lucero Pérez,23.721.653,luceropg23@gmail.com,0424-1954053,25/1/2018,UNIMET,Psicología,,,
2018,Culminó,Maira Arcila,21.41.3642,mayarcila04@gmail.com,4241573314,28/4/2018,UNIMET,Ingeniería Mecánica,,,
2018,Culminó,Raquel Gonzalez,20.392.904,rgoc2422@gmail.com,4245949804,19/1/2018,UNIMET,Ingeniería,,,
2018,Culminó,Valeria Chávez,23.692.989,vallechavez@gmail.com,0424-2567478,19/1/2018,UNIMET,Psicología,,,
2018,Culminó,Ana María Lacruz,25.227.834,anamarialacruzs@gmail.com,0424-1939330,21/9/2018,UNIMET,Psicología,,,
2018,Culminó,Andrea Montaña,24.991.325,asma150497@gmail.com,0412-2516595,21/9/2018,UNIMET,Psicología,,,
2018,Culminó,Anel Guzmán,25.639.902,anel.guzman@correo.unimet.edu.ve,4241670795,28/4/2018,UNIMET,Psicología,,,
2018,Culminó,Daniela Texeira,26.089.219,danielatg17mail.com,0414-2454946,21/9/2018,UNIMET,Psicología,,,
2018,Culminó,Gabriela Escalona,26.386.892,gabriela.escalona@correo.unimet.edu.ve,0414-9278147,21/9/2018,UNIMET,Psicología,,,
2018,Culminó,María Claudia López,26997758,mariaclaudia.98@hotmail.com,4249279883,28/4/2018,UNIMET,Psicología,,,
2018,Culminó,Melissa Ugas,25845332,meliugas2909@gmail.com,0414-2235060,21/9/2018,UNIMET,Contaduría Pública,,,
2018,Culminó,Mónica Marchionna,26672414,momarchionnad@gmail.com,4242991352,28/4/2018,UNIMET,Psicología,,,
2018,Culminó,Juan Carlos Fuentes,18.809.787,juank721@gmail.com,4141707288,15/3/2018,UCAB,Administración de Empresas,3/5/2018,13/11/2018,carta culmimación enviada por mail 5/12/18
2018,Culminó,Shyssel Vanessa Gomes Varela ,22.523.134,shyssel@gmail.com,4129118980,31/5/2018,UCAB,Administración de Empresas,31/5/2018,1/11/2018,culminó con 105 horas reloj equivale a 126 académicas
2018,Culminó,María Fernanda Delgado Perez,23682726,mariafernandadp2707@gmail.com,4241923522,4/11/2017,UCAB,Comunicación Social,13/11/2017,12/2/2018,
2018,Culminó,Juliette Betancourt,27235182,julietteabm@gmail.com,0414 259 2589,21/06/2018,UCAB,Comunicación Social,30/7/2018,8/11/2018,"culminó con 107,5 horas reloj equivale a 129 académicas"
2018,Culminó,Yenialba del Carmen Alviares Rivero,23.714.304,alviaresyeni@gmail.com,0424-1168462 / 04262533999,25/01/18,UCAB,Comunicación Social,28/01/18, 13/06/2018,
2018,Culminó,Angélica Castillo,24313045,angelicastillo116@gmail.com,4141017942,21/06/2018,UCAB,Sociología,16/07/17,17/10/2018,
2018,Culminó,Ana Ysabel Mata,10.480.048,mielmielita@hotmail.com,04264669159/ 04123922004,09/12/17,UCSAR,Educación,18/12/17,28/03/18,
2018,Culminó,Maydely Martinez,12.082.006,maidely5@hotmail.com,4122027067,09/12/17,UCSAR,Educación,18/12/17,28/03/18,
2018,Culminó,Jhean Karla Arvelo Martinez,14.121.518,ykam2007@hotmail.com,2127449696,09/12/17,UCSAR,Educación,18/12/17,28/03/18,
2018,Culminó,Mayerling Fabiola Pimenta Parra,25.969.290,pimentafabiola7@gmail.com,4120110423,19/01/18,UCV,Derecho,20/01/18,19/02/18,Estudiante realiza SC a través de proyecto de la FACES no de su facultad/ Carta de culminación entregada
2018,Culminó,Sttefany Andreina Torres Romero,25.070.434,sttefany15torres@gmail.com,4122298398,19/01/18,UCV,Derecho,20/01/18,19/02/18,Estudiante realiza SC a través de proyecto de la FACES no de su facultad/ Carta de culminación entregada
2018,Culminó,Gabriela Contreras,24464074,gabyandrein96@gmail.com,4127299973,4/11/2017,UCV,Enfermeria,13/11/2017,1/12/2018,Se le entrego carta de Culminacion
2018,Culminó,Paola Salas,24478535,paola.salassalas@gmail.com,4142098043 04149374962,4/11/2017,UCV,Enfermeria,13/11/2017,16/01/18,Se le entrego carta de Culminacion
2018,Culminó,Tiffany Benitez,23198945,tiffanybenitez21@gmail.com,04142117580,4/11/2017,UCV,Enfermeria,13/11/2017,11/01018,Se le entrego carta de Culminacion
2018,Culminó,Yraiglis Peraza,24888435,yraperaza@gmail.com,04242826358,4/11/2017,UCV,Enfermeria,13/11/2017,19/01/18,Se le entrego carta de Culminacion
2018,Culminó,Isabel Andreina Ocampo Marin,20639486,ninaisa23@gmail.com,4241700350,06/03/18,UCV,Enfermeria,3/12/2018,5/10/2018,
2018,Culminó,Paola Brito,26484552,pbrito1996ccs@hotmail.com,04123823931/04123808495,06/03/18,UCV,Enfermeria,3/12/2018,5/10/2018,
2018,Culminó,Rhina Victoria Cuartt Paredes,24042215,rhina-victoria@hotmail.com,4269652383,06/03/18,UCV,Enfermeria,3/12/2018,30/05/18,
2018,Culminó,Stefani Andreina Machines Ramos,24238664,stfmachines07@gmail.com,4143309442,06/03/18,UCV,Enfermeria,3/12/2018,28/04/18,
2018,Culminó,Siul Maiella Diaz Vargas,17744864,smaiella@hotmail.com,4141315049,17/05/18,UCV,Ingeniería Metalurgica,6/1/2018,7/8/2018,se entregó carta culminación  el 10/11/18
2018,Culminó,Adriana Valentina Rodriguez,22384590,adrianavalentina.rodriguez@gmail.com,4246903262,17/05/18,UCV,Ingeniería Metalurgica,6/1/2018,29/11/2018,"de mayo a Julio hizo 59,5 horas.El resto en Oct Noviembre 2018. Se envío carta culminación digital 3/12/18"
2018,Culminó,Fabiana Vasquez,25369980,fabianadvc28@gmail.com,4242260918,17/05/18,UCV,Terapia Ocupacional,06/08/018,31/8/2018,Realizó 102 horas. Esta en espera de que la Universidad le de el visto bueno al proyecto para que se le pueda dar la constancia de culminación
2018,Culminó,Lorena Coromoto Gonzalez Mayora,22.029.598,lorena10394@gmail.com/lorena-10-love@hotmail.com,04268104752/04169372840/02124157580,09/06/18,UCV,Sociología,16/06/18,29/9/2018,se le hizo una carta de culminación con fecha 20 octubre 2019 porque hubo extravío del proyecto de la estudiante y tuvo que inscribir el SC de nuevo en el 2019
2018,Culminó,Andrea Cardenas,27.710.620,andreacardenasgomez@gmail.com,4262181746,1/8/2017,UCV,Psicología,1/9/2017,25/01/18,
2018,Culminó,Jannia Orta,23.592.528,janniaortab@gmail.com,4248541617,1/8/2017,UCV,Psicología,1/9/2017,25/01/18,
2018,Culminó,Laurermi Hernandez,25.512.214,laurermihernandez@gmail.com,4249060030,1/8/2017,UCV,Psicología,1/9/2017,25/01/18,
2018,Culminó,Mariana Misticoni,24.311.457,marianamisticoni@gmail.com,4268055784,1/8/2017,UCV,Psicología,1/9/2017,25/01/18,
2018,Culminó,Valentina Acuña,25.751.604,valentinaacunavolcan@gmail.com,4162146740,1/8/2017,UCV,Psicología,1/9/2017,25/01/18,
2018,Culminó,Erick Salazar,21.443.601,esalazar2193@gmail.com,4243103913,04/11/18,USM,,26/11/17,18/02/18,
2018,Culminó,Isajar Tangir,23.712.192,isajaritr2@gmail.com,4143912982,04/11/18,USM,,26/11/17,18/02/18,
2018,Culminó,Jean Calos Bajañas,24.759.580,jean.piero.carlos@hotmail.com,4242993398,04/11/18,USM,,26/11/17,18/02/18,
2018,Culminó,Jerry Riera ,22.558.623,Jerryrierag@hotmail.com,4142448130,04/11/18,USM,,26/11/17,18/02/18,
2018,Se Retiró,Daviennys Farias ,23.037.984,daviennyspatrifarias@gmail.com,41201224847,30/7/2018,CUECMC,Enfermeria,7/8/2018,,tiene hepatitis y tuvo que retirarse
2018,Se Retiró,Karen Contreras,22.564.610,kailykaren2321@gmail.com,4143282015,30/7/2018,CUECMC,Enfermeria,7/8/2018,,el 22 de agosto envió correo informado que por situación económica no podía seguir su Servicio Comunitario
2018,Se Retiró,Florangel Martinez ,25.969.590,florangelmartinez16@gmail.com,4160346967,1/3/2018,CUC,Turismo,28/4/2018,6/10/2018,se fue del país/ se envio carta de culminación por correo electronico 09/07
2018,Se Retiró,Andrea Ortíz,25.764.781,andreaortizd97@gmail.com,,28/4/2018,UNIMET,,5/5/2018,,
2018,Se Retiró,Andrea Carolina Sereno Diaz,21.438.946,andreaserenod@gmail.com,4143913332,31/5/2018,UCAB,Administración de Empresas,31/5/2018,,"Realizó 49 horas hasta el 30 de Julio, no regresó ni respoendió correo."
2018,Se Retiró,Norbely del Carmen Garcia Aguilera,25212190,norbeaguilera@gmail.com,4267179255,30/07/2018,UCAB,Comunicación Social,22/8/2018,,inició sin haber realizado el proceso en la Universidad. Se envió un correo el 6nov para saber el estatus de su inscripci;on
2018,Se Retiró,Marisela Beatrice Francis Peinado,23500829,Mariselacris@hotmail.com,4249140118,17/05/18,UCV,Ingeniería Metalurgica,16/6/2018,,"en Junio hizo 14 horas. Quedó en iniciar en Octubre pero no lo hizo, no contestó correo"
2018,Se Retiró,Julian David Rodriguez Vivas,25051900,ddjjrrvv@gmail.com,4123752787,09/06/18,UCV,Idiomas Modernos,20/06/18,,envió correo jueves 2 de agosto. Informando que por haber comenzado a trabajar no podrá seguir el proyecto comunitario en Hogar Bambi
2018,Se Retiró,Jose Angel Flores Vera,26078119,joseflores1997@hotmail.com,4264165933,09/06/18,UCV,Idiomas Modernos,20/06/18,,envió correo jueves 2 de agosto. Informando que por haber comenzado a trabajar no podrá seguir el proyecto comunitario en Hogar Bambi
2018,Se Retiró,Alhyn Arzolay,24.316.089,alhynarzolay@gmail.com,4142530317,1/8/2017,UCV,Psicología,1/9/2017,,Se va del pais
2018,Sin Iniciar,Briceeth Magleth Quinto Taborda,27.159.621,brichismay@hotmail.com,4166111726,,CUECMC,Enfermeria,31/5/2018,,
2018,Sin Iniciar,Carmen Guerra,25.258.101,carmenguerra2116@gmail.com,4128091338,30/7/2018,CUECMC,Enfermeria,,,quedó en enviar su propuesta de apoyo
2018,Sin Iniciar,Rosmery Gonzalez,21.376.124,chiquistily22@hotmail.com,4241947971,9/12/2017,CUECMC,Enfermeria,15/1/2018,,Nunca inició ni contestó mensajes
2018,Sin Iniciar,Jairo Rafael Sanchez,16.324.029,jairrorrsfglsanchez@gmail.com,4120118199,1/3/2018,ISUM,,,,no envió propuesta
2018,Sin Iniciar,Maibelis del Carmen Morales Montiel ,25.771.784,maibelis.morales16@gmail.com,4129008559,1/3/2018,ISUM,,,,no envió propuesta
2018,Sin Iniciar,Maria Jose Gonzalez Jaramillo,27.309.659,mariajjaramillo1999@gmail.com,04149186247/02129038275,1/3/2018,ISUM,,,,no envió propuesta
2018,Sin Iniciar,Maria Teresa Rodriguez,14.203.801,mtrodriguez732@gmail.com,4126122903,1/3/2018,ISUM,,,,no envió propuesta
2018,Sin Iniciar,Mary Rodriguez Contreras,18.023.689,myrodriguez1803@gmail.com,4242142521,1/3/2018,ISUM,,,,no envió propuesta
2018,Sin Iniciar,Melannie Mahelin Mora Chacon,277.385.001,mahelin150@gmail.com,4241238668,1/3/2018,ISUM,,,,no envió propuesta
2018,Sin Iniciar,Juan Santiago Tobia,24.697.759,j.s.1995@hotmail.com,0424-183-1993,4/4/2018,UCAB,Administración de Empresas,,,Informó que no puede iniciar porque no tiene carro. Mayo 2018. sobrino de Erika
2018,Sin Iniciar,Neil Carreño,24773394,diaz.neilcarreño@gmail.com,4140300907,18/07/18,UCAB,Comunicación Social,,,envió correo 23 Julio informando que no participaría
2018,Sin Iniciar,Nohely Noriega,24839703,nohe_nana@hotmail.com,4242535410,18/07/18,UCAB,Comunicación Social,,,"dijo que no iba a realizar el servicio Comunitario, que lo haria en otra asociacion"
2018,Sin Iniciar,Andrea Gonzalez,27006943,aigh1110@gmail.com,4143891422,17/02/18,ULAC,Emergencias Médicas,,,
2018,Sin Iniciar,Carla Coy,25716079,carlita.urdaneta@gmail.com,4140227144,17/02/18,ULAC,Emergencias Médicas,,,
2018,Sin Iniciar,Daniela Zambrano,27805278,zdaniela40@gmail.com,4127228687,17/02/18,ULAC,Emergencias Médicas,,,
2018,Sin Iniciar,Diana Alvarado,15133216,carlos_cristofer@yahoo.es,4125432010,17/02/18,ULAC,Emergencias Médicas,,,
2018,Sin Iniciar,Edgar Cardona,17313215,ednoxid575@gmail.com,4142537364,17/02/18,ULAC,Emergencias Médicas,,,
2018,Sin Iniciar,Illich Perez,17974354,illich48@gmail.com,4166113058,17/02/18,ULAC,Emergencias Médicas,,,
2018,Sin Iniciar,Irlanda Rivero,18383976,imre015@hotmail.com,4242098741,17/02/18,ULAC,Emergencias Médicas,,,
2018,Sin Iniciar,Isabella Nuñez,26995667,isa.nunez.20@gmail.com,4241828107,17/02/18,ULAC,Emergencias Médicas,,,
2018,Sin Iniciar,Jacobo Torres,24529859,jacoboandres15@hotmail.com,4123322557,17/02/18,ULAC,Emergencias Médicas,,,
2018,Sin Iniciar,Jimena Gonzalez,26995622,jimenaisabelg@gmail.com,4143139607,17/02/18,ULAC,Emergencias Médicas,,,
2018,Sin Iniciar,Juan Jimenez,27346426,juan.f.jimenez@hotmail.com,4129058438,17/02/18,ULAC,Emergencias Médicas,,,
2018,Sin Iniciar,Katherine Diaz,26995276,katerinediazgascon@gmail.com,4241202719,17/02/18,ULAC,Emergencias Médicas,,,
2018,Sin Iniciar,Katherine Gonzalez,27571261,kati.vicky@hotmail.com,4141520490,17/02/18,ULAC,Emergencias Médicas,,,
2018,Sin Iniciar,Michelle Mussle,27915796,michellemussle@hotmail.com,4241616060,17/02/18,ULAC,Emergencias Médicas,,,
2018,Sin Iniciar,Nicolle Gonzalez,27819664,nicolegonzalez092000@gmail.com,4149174854,17/02/18,ULAC,Emergencias Médicas,,,
2018,Sin Iniciar,Yoscari Villegas,22024871,yoscariv@gmail.com,4242537863,17/02/18,ULAC,Emergencias Médicas,,,
2018,Sin Iniciar,Obryan Enrique Gonzalez Guaita,22.670.115,obryangonzalez19@gmail.com,4241637612,17/05/18,USM,Derecho,,,
2018,Sin Iniciar,Orlenia Paola Pinto Epalza,27.006.467,orlenia18@gmail.com,4142073909,17/05/18,USM,Derecho,,,
2018,Sin Iniciar,Angela Jose Pernia Cova,25.221.717,angiepernia@gmail.com,4141376130,17/05/18,USM,Derecho,,,
2018,Sin Iniciar,Pedro Pablo Droz Rodríguez,20.327.39,pedrodroz9@gmail.com,414335510,04/11/18,USM,,26/11/17,,No realizo actidades de servicio comunitario con nosotros 
2018,suspendido,Anthony Abrahan Dominguez,21.102.660,abrahandominguezoya@hotmail.com,4242991767,18/7/18,CUECMC,Enfermeria,23/7/2018,10/8/2018,"Estudiante mal educado, hablaba por el celular, no le interesaba realizar Servicio Comunitario se le solicitó que se retirara"
2018,suspendido,Darklin Rusbeily Garcia Gil,22.030.657,darklin-cmc@hotmail.com,4143995050,21/06/18,CUECMC,Enfermeria,25/6/2018,13/8/2018,Iniciaria el 25 y por inconvenientes de salud no inicio. Inició viernes 29 junio. Se suspendió por problemas con las tías area A. se le cayó un bebe en 2 oportunidades
2018,Suspendido,Loredana Zarrella,21.412.634,loredanazarrella15@gmail.com,4142830062,22/10/2018,CUECMC,Enfermeria,29/10/2018,6/11/2018,Realizó 30 horas. No volvió más ni envió comuniación. Se le envió correo el 3 de Diciembre
2018,Suspendido,Evelyn Meléndez,23.619.136,evelynmelendez1@outlook.com,0414-6511873,29/9/2017,UNIMET,Administración de Empresas,,,"estudiante suspendido, mintió escribiendo en control asistencia que iba y no fue"
2018,Suspendido,Luis David Peralto,21.291.077,peraltoluisdavid@gmail.com,0424-2031199,,UNIMET,Administración de Empresas,,,"estudiante suspendido, mintió escribiendo en control asistencia que iba y no fue"
2018,Suspendido,Ricardo Orjuela,21615150,ricardo.orjuela@gmail.com,0412-3746042,29/9/2017,UNIMET,Administración de Empresas,,,estudiante suspendido por haber escrito en el control de horas que fueron 2 companeros que no asistían
2019,Culminó,Gloriana Pino ,26.726.118,pinogloriana@gmail.com,4169370336,19/1/2019,CUECMC,Enfermeria,5/2/2019,30/3/2019,Envío de Carta de Culminación 9/4/19
2019,Culminó,Maria Floriana Costa ,26.951.728,fl_orcosta@hotmail.com ,4142992490,19/1/2019,CUECMC,Enfermeria,5/2/2019,30/3/2019,Envío de Carta de Culminación 9/4/19
2019,Culminó,Marian Molina,28.331.719,Marian.joseguilarte@gmail.com,4143100945,19/1/2019,CUECMC,Enfermeria,4/2/2019,30/3/2019,Envío de Carta de Culminación 9/4/19
2019,Culminó,Sofia Machado ,27.488.509,Sofiamachado02@hotmail.com,4129786831,19/1/2019,CUECMC,Enfermeria,1/2/2019,29/3/2019,Envío de Carta de Culminación 9/4/19 
2019,Culminó,Joswill Reyes ,26.122.705,joswillreyes@gmail.com,0424-2038940,16/2/2019,CUJP,,28/2/2019,9/5/2019,se envió carta digitalizada el 8 de mayo 2019
2019,Culminó,Vanessa Carolina Camargo Zapata ,25.787.510 ,vanessa04camargo@gmail.com,04266167170 ó 04122465758,7/9/2019,IUPG,,15/9/2019,17/11/2019,
2019,Culminó,Karla Alejandra Arteaga Serrano,28135509, <karlarteaga19@hotmail.com>,4241576925,13/5/2019,IUTI,,3/6/2019,30/7/2019,
2019,Culminó,Ana Pérez ,12950962,aperez3110@gmail.com,4241688579,20/9/2019,IUTI,,1/10/2019,24/10/2019,"hizo un día en Enlace y no le gustó, se ubicó en bambi 3 y realizó unas horas en administrativo"
2019,Culminó,Alejandra Abreu,24.933.236,abreucielo@gmail.com,0412-3916479,28/4/2018,UNIMET,Economía Empresarial,10/6/2018,,
2019,Culminó,Alejandra De Bellard,25.735.644,aledebellard@hotmail.com,4242763114,28/4/2018,UNIMET,Psicología,5/5/2018,,
2019,Culminó,Andrea Goncalves,26.666.199,g.andrea2016@correo.unimet.edu.ve,4144773249,28/4/2018,UNIMET,Idiomas Modernos,5/5/2018,,
2019,Culminó,Eugenia Estrada,25.385.809,eugeniaestradaw@gmail.com,4125631884,28/4/2018,UNIMET,Psicología,5/5/2018,,
2019,Culminó,Jessica Castro,29.983.859,jcastrog7@gmail.com,4141622998,28/4/2018,UNIMET,Psicología,5/5/2018,,
2019,Culminó,Johana Rodríguez,26.252.196,johanarodriguez021@gmail.com,4242809850,28/4/2018,UNIMET,Psicología,5/5/2018,,
2019,Culminó,María de los Ángeles Niño,27.422.884,maria.nino@correo.unimet.edu.ve,4147591599,28/4/2018,UNIMET,Derecho,5/5/2018,,
2019,Culminó,María Gabriela Colina,27.007.674,maria.colina2016@correo.unimet.edu.ve,4241971204,28/4/2018,UNIMET,Derecho,5/5/2018,,
2019,Culminó,Mariana Gómez,23.000.794,marianagomezotero@hotmail.com,4127295506,28/4/2018,UNIMET,Psicología,5/5/2018,,
2019,Culminó,Mariana Romero,26.463.250,mromerogomez1998@gmail.com,4129922520,28/4/2018,UNIMET,Idiomas Modernos,5/5/2018,,
2019,Culminó,Miguel Martínez,26.268.962,migmar1011737@gmail.com,4142110080,28/4/2018,UNIMET,Ingeniería Mecánica,5/5/2018,,
2019,Culminó,Briceño María ,25.051.268,maria.briceno@correo.unimet.edu.ve,4241115201,19/1/2019,UNIMET,Ingeniería Mecánica,9/2/2019,,
2019,Culminó,Daniel Abreu,26.772.317,danielalfonsoap@hotmail.com,0414-3777726,28/4/2018,UNIMET,Ingeniería Química,5/5/2018,,
2019,Culminó,Gabriela  Fontecha ,18941124,gmfontecha@gmail.com,4143152034,27/4/2019,UNIMET,Psicología,11/5/2019,,
2019,Culminó,Jesús Solano,26.750.455,jesussolano4@gmail.com,4245683132,28/4/2018,UNIMET,Ingeniería Mecánica,5/5/2018,,
2019,Culminó,Llorente Carlos ,25.991.506,kakillorente@gmail.com,4241115201,19/1/2019,UNIMET,Psicología,9/2/2019,,
2019,Culminó,Manuela Lòpez ,26.246.613,manuelalopez98@hotmail.com,4241578333,19/1/2019,UNIMET,Psicología,9/2/2019,,
2019,Culminó,María Alexandra Cárdenas ,26.022.965,ma.cardenas98@gmail.com,4143231255,19/1/2019,UNIMET,Psicología,9/2/2019,,
2019,Culminó,María Andreína Vásquez,24.523.803,mari_3551@hotmail.com,4123046635,28/4/2018,UNIMET,Derecho,5/5/2018,,
2019,Culminó,María Lugo,25.518.323,maferlugo96@hotmail.com,0424. 281.29.29,28/4/2018,UNIMET,Psicología,5/5/2018,,
2019,Culminó,Najul Maria ,26.312.087,mv.najul10@gmail.com,4123010352,19/1/2019,UNIMET,Psicología,9/2/2019,,
2019,Culminó,Samantha  Barrios,25.530.729,samantha.barrios@correo.unimet.edu.ve,4141411539,19/1/2019,UNIMET,Ingeniería de Producción,9/2/2019,,
2019,Culminó,Santiago Silva,26.210.970,santiagosilva1997@hotmail.com,4143779413,28/4/2018,UNIMET,Ingeniería de Producción,5/5/2018,,
2019,Culminó,Victor Paisano ,25.735.100,victor.paisano@correo.unimet.edu.ve,4242357312,19/1/2019,UNIMET,Derecho-Estudios Liberales,9/2/2019,,
2019,Culminó,Alberto Muhammad ,29099142,albertomuhammad24@gmail.com,4242077154,27/4/2019,UNIMET,Ingeniería de Producción,11/5/2019,,
2019,Culminó,Alison Dos Santos ,26268879,ali2santos97@gmail.com,4242706809,27/4/2019,UNIMET,Ingeniería Mecánica,11/5/2019,,
2019,Culminó,Daniela Paredes Montañez,25545693,naniparedes@gmail.com,4123109863,27/4/2019,UNIMET,Ingeniería Civil,11/5/2019,,
2019,Culminó,Francy González,26254637,francy_b98@hotmail.com,4242219868,27/4/2019,UNIMET,Psicología,11/5/2019,,
2019,Culminó,José Antonio Cardozo ,27346083, Kagdotzo@gmail.com,4149232175,27/4/2019,UNIMET,Psicología,11/5/2019,,
2019,Culminó,José Eduardo Valera,25736077,joseeduardovalera@gmail.com,4149788209,27/4/2019,UNIMET,Ingeniería Química,11/5/2019,,
2019,Culminó,Marco Gutierrez ,26794343, marco.gutierrez@correo.unimet.edu.ve,4122946005,27/4/2019,UNIMET,Ingeniería Mecánica,11/5/2019,,
2019,Culminó,María Antonieta Rodríguez,27113764,ma.rodriguez@correo.unimet.edu.ve,0414 763 6454,6/5/2019,UNIMET,Psicología,11/5/2019,,
2019,Culminó,Ricardo Daniel Di Maggio Arrieche,26210554,ricardo.dimaggio@correo.unimet.edu.ve,4241177349,27/4/2019,UNIMET,Ingeniería Química,11/5/2019,,
2019,Culminó,Valentina Deffit,26576680,valentina.deffit@correo.unimet.edu.ve,4142781837,27/4/2019,UNIMET,Ingeniería Mecánica,11/5/2019,,
2019,Culminó,Ximena Reyero ,24318966,ximena.reyero@correo.unimet.edu.ve,4242500925,6/5/2019,UNIMET,Psicología,11/5/2019,,
2019,Culminó,Yoscarly Passo ,26597608, yoscarlya@gmail.com,4143267168,19/1/2019,UNIMET,Contaduría Pública,9/2/2019,,
2019,Culminó,Ana Cecilia Cancino,25.987.265,acancino@correo.unimet.edu.ve,4142102609,19/1/2019,UNIMET,Psicología,1/1/2019,,
2019,Culminó,Blas Gravina,24.637.857,blaseduardogs@gmail.com,0414-5845745,21/9/2018,UNIMET,Ingeniería Civil,1/9/2018,,
2019,Culminó,Carla Trabucco,26.672.511,carla_trabucco@hotmail.com,0426-8210103,21/9/2018,UNIMET,Psicología,1/9/2018,,
2019,Culminó,Estefania Rodriguez,25.990.764,Estefania.rodriguez@correo.unimet.edu.ve / cees15@hotmail.com,4142038447,21/9/2018,UNIMET,Psicología,1/9/2018,,
2019,Culminó,Fernando liscano ,26.012.593,fernandoliscanoochoa@gmail.com,4241057327,21/9/2018,UNIMET,Psicología,1/9/2018,,
2019,Culminó,Isabel Pantin,25.939.953,isabelpantin01@gmail.com,4123424545,19/1/2019,UNIMET,Psicología,1/1/2019,,
2019,Culminó,Isabella Mazza ,26.966.882,isa_mazza98@hotmail.com,4120257305,21/9/2018,UNIMET,Psicología,1/9/2018,,
2019,Culminó,Jorge Esteves,25.533.496,jorgeesteves1997@hotmail.com,0412-0990109,21/9/2018,UNIMET,Ingeniería de Producción,1/9/2018,,
2019,Culminó,Maria Karolena Jensen,25.218.931,kkarojensen@gmail.com,4241272617,19/1/2019,UNIMET,Derecho-Estudios Liberales,1/1/2019,,
2019,Culminó,Nailet Gómez,26.530.616,ngomez@correo.unimet.edu.ve,0424-1412492,21/9/2018,UNIMET,Derecho,1/9/2018,,
2019,Culminó,Ricardo Calderon,26.838.701,ricardoandres08@hotmail.com,0416-9269413,19/1/2019,UNIMET,Psicología,1/1/2019,,
2019,Culminó,Sofía Escobar,26.809.642,escobarsofia712@gmail.com,0414-2594807,21/9/2018,UNIMET,Psicología,1/9/2018,,
2019,Culminó,Verónica Alvite,27.111.529,VEROALVITE@GMAIL.COM,0424-2888233,27/4/2019,UNIMET,Derecho,1/5/2019,,
2019,Culminó,Rafael Ruiz,21.013.468,ratarr@hotmail.com,0414-3723645,6/5/2019,UNIMET,Derecho,1/5/2019,,
2019,Culminó,Adelle Zapata,25.847.146,adelle.zap@gmail.com,0414-1262908,20/9/2019,UNIMET,Psicología,1/9/2019,,
2019,Culminó,Cristian Onorato,26.150.421,cristianonorato@hotmail.com,0424-1385431,27/4/2019,UNIMET,Economía Empresarial,1/5/2019,,
2019,Culminó,Daniela Flaifl,25.847.227,danielafleifel@gmail.com,0412-0258287,27/4/2019,UNIMET,Derecho,1/5/2019,,
2019,Culminó,Gustavo López,25.385.161,gustavo3597@gmail.com,0424-1055857,27/4/2019,UNIMET,Derecho,1/5/2019,,
2019,Culminó,Jhon Payares,25.593.801,david_jhon23@outlook.com,4149006461,19/1/2019,UNIMET,Ingeniería Química,1/1/2019,,
2019,Culminó,José Manuel López,24.058.040,jmlopez.1995@yahoo.es,0412-5994036,20/9/2019,UNIMET,Derecho,1/9/2019,,
2019,Culminó,Juan Villalobos,27.449.887,jvillalobos@correo.unimet.edu.ve,0424-2261807,27/4/2019,UNIMET,Economía Empresarial,1/5/2019,,
2019,Culminó,Kevin Han,25.641.379,kevinhan888@hotmail.com,0412-3902514,20/9/2019,UNIMET,Ingeniería ,1/9/2019,,
2019,Culminó,Marco uzcátegui,25.866.495,cessnacitation500@gmail.com,0424-1858344,25/9/2019,UNIMET,Ingeniería Civil,1/9/2019,,
2019,Culminó,Maximiliana Cerero,27.485.469,cerero.maximiliana@correo.unimet.edu.ve,0424-8228805,20/9/2019,UNIMET,Derecho,1/9/2019,,
2019,Culminó,Sabrina Di Cristanziano,25.764.876,dicristanziano@gmail.com,0424-1358211,27/4/2019,UNIMET,Psicología,1/5/2019,,
2019,Culminó,Salvador Parra,26.454.494,salvador.parra@correo.unimet.edu.ve,0414-1861533,27/4/2019,UNIMET,Economía Empresarial,1/5/2019,,
2019,Culminó,Verónica Reglá,26.063.259,veronicaregla5@gmail.com,0414-8428673,27/4/2019,UNIMET,Economía Empresarial,1/5/2019,,
2019,Culminó,Jesuelys Marcano,26.523.289,vdm345_@hotmail.com,4140244720,23/3/2019,UCAB,Administración de Empresas,29/4/2019,16/8/2019,
2019,Culminó,Naomi Morao ,26284691,namorao26@gmail.com,0424-3693884,27/7/2019,UCAB,Administración de Empresas,5/8/2019,5/10/2019,estudiante solo tenia que hacer 80 horas
2019,Culminó,Estefanía Delgado Savelli ,25.917.216,estefaniadelgadosavelli@hotmail.com,4241999866,16/2/2019,UCAB,Relaciones Industriales,11/4/2019,11/7/2019,Realizó 100 horas de apoyo con los niños y 20 horas de apoyo en Dpto. Psicología
2019,Culminó,Arianny Rosana Maestre Cumarin,26.510.465,ariannyrmc15@gmail.com,4125556779,23/3/2019,UCAB,Relaciones Industriales,28/5/2019,6/10/2019,Realizó 100 horas de apoyo con los niños y 20 horas de apoyo en Dpto. Psicología
2019,Culminó,Andreína Rosalía González López ,19.162.808,andreinagonzalezlopez@gmail.com,4142182930,6/12/2018,UCAB,Comunicación Social,22/12/2018,3/5/2019,culminó apoyo directo el 31 de marzo realizó apoyo en jornada Digisalud 3 de mayo. Realizó dos videos para instagram como materail comunicacional. Se envió carta culminación 13 mayo 2019
2019,Culminó,Daniela Alejandra Zambrano,26.078.880,danielazgonzalez48@gmail.com,4241641334,21/9/2018,UCAB,Comunicación Social,17/11/2018,11/3/2019,Entregó artículo sobre su experiencia en Hogar Bambi. . Se le envió carta  culminación digitalizada 21/03/19
2019,Culminó,Fabiola González ,24.759.572,feimusic08@gmail.com,4128096914,21/9/2018,UCAB,Comunicación Social,30/11/2018,31/3/2019,Entregó video sobre Hogar Bambi y cómo donar. Carta digitalizada 2/04/19
2019,Culminó,Idarella tarricone  jimenez,24.655.061,idarela94@hotmail.com,4265118485,21/9/2018,UCAB,Comunicación Social,29/11/2012,17/2/2019,"De noviembre al 16 de Enero realizó 26 horas. Renegoció para culminar entre enero y febrero. Chocó portón Bambi Enlace, pagó $100 para reparación. Carta Culminación entregada 1 marzo "
2019,Culminó,Maria Antonieta Gonzalez ,25.996.385,mariagonzales_406@hotmail.com,0412-9464637,21/9/2018,UCAB,Comunicación Social,17/10/2018,21/1/2019,Culminó prácticas el 17 Enero envío video el 21 de Enero. Se envió Carta culminación
2019,Culminó,Sharom Kuzniar,26.078.504,sharomkuzniar@gmail.com,4142922335,21/9/2018,UCAB,Comunicación Social,1/12/2018,24/3/2019,Culminó 24 de marzo entrega reporte 3 de abril y carta digitalizada enviada el 9 de Baril
2019,Culminó,Alejandro Torrealba,23707424,alejandrodtg06@gmail.com,4143994070,23/3/2019,UCAB,Comunicación Social,26/4/2019,27/7/2019,envió reportaje sobre Bambi enlace
2019,Culminó,Carol Sofía Álvarez Plaza,24.218.498,carolsofia96@gmail.com,4126035252,8/10/2018,UCAB,Comunicación Social,27/2/2019,25/5/2019,Envió Cronica sobre su experiencia. 
2019,Culminó,Catherine Salazar,25.575.279,catherinegabyss@gmail.com,4129631186,19/1/2019,UCAB,Comunicación Social,5/2/2019,8/7/2019,
2019,Culminó,Diana Celestina Rodríguez Pino,24.314.193,dianaceler6@gmail.com,4242093947,21/9/2018,UCAB,Comunicación Social,18/3/2019,1/6/2019,Envió Cronica sobre su experiencia. 
2019,Culminó,Gianfabio Correa ,26.334.834,gianfabiocr81@gmail.com,4242804399,19/1/2019,UCAB,Comunicación Social,3/2/2019,27/5/2019,Realizaron presentación de video antes Junta Directiva el 27 Mayo 2019
2019,Culminó,Indiana Alejandra Sánchez Chacón,24.886.738,indianasanchez0@gmail.com,4242276897,16/2/2019,UCAB,Comunicación Social,18/3/2019,26/5/2019,Envió Cronica sobre su experiencia. 
2019,Culminó,Mariana Chumaceiro ,26.489.031,marianachuma@gmail.com,4122945818,19/1/2019,UCAB,Comunicación Social,3/2/2019,27/5/2019,Realizaron presentación de video antes Junta Directiva el 27 Mayo 2019
2019,Culminó,Nicole Nazareth Zambrano Gónzalez,26.279.245,nicolezambrano15@hotmail.com / nicolezng15@gmail.com,4242120193,21/9/2018,UCAB,Comunicación Social,18/3/2019,1/6/2019,Envió Cronica sobre su experiencia. 
2019,Culminó,Gabriela Marcano,25.412.355,gabrielamarcano20@gmail.com,4248335332,6/5/2019,UCAB,Comunicación Social,25/6/2019,16/11/2019,envió video sobre hogar Bambi
2019,Culminó,Andrea Suárez Carriaso,24.933.518,faita_@hotmail.com,0412-530-19-45,16/2/2019,UCSAR,,29/4/2019,5/6/2019,
2019,Culminó,Andrea Vanessa Guillen ,25.411.984,vanessaguillenr5@gmail.com,4241708283,15/6/2019,UCSAR,,4/7/2019,4/8/2019,
2019,Culminó,Bárbara Garibaldi Castelo,25.444.449, Barbara93castelo@gmail.com,0424-208-85-12,16/2/2019,UCSAR,,29/4/2019,2/6/2019,
2019,Culminó,Freddy Hernández,24.223.847, <freddyjosehernandezbarone@gmail.com>,(0424) 129.10.85,15/6/2019,UCSAR,,1/7/2019,27/7/2019,
2019,Culminó,Kevin Martínez ,20871297,kevinmartinezizarra@hotmail.com ,0412-375-66-88,16/2/2019,UCSAR,,29/4/2019,1/6/2019,
2019,Culminó,Maria Celeste Sulvaran,29911022,mariaceleste_sulvaran14@hotmail.com,4120980540,15/6/2019,UCSAR,,1/7/2019,4/8/2019,
2019,Culminó,Nahomi Lozano,26217197,nahomilozano@hotmail.com,4129205356,15/6/2019,UCSAR,,29/6/2019,1/9/2019,
2019,Culminó,Susan Fuentes,24898464,susanfuentesg@gmail.com,4263896259,27/7/2019,UCSAR,,7/8/2019,29/9/2019,
2019,Culminó,César Gerardo Carmona Cabello,24.905.739,carmona140.85@gmail.com,4127278619,22/10/2018,UCV,Artes,6/12/2018,31/1/2019,"Realizó entrega de video el 25 abril, pero debían colocarle los créditos y detalles de sonido, finalmente entregaron el video final finales Julio 2019"
2019,Culminó,Erick Londoño,19.314.336,fmahp13@gmail.com,0412 2677281,22/10/2018,UCV,Artes,30/11/2018,8/2/2019,realizó 100 horas de apoyo práctico y culminó con muestra de dibujos de estudiante. Se envió carta culminación por correo 13/02/19
2019,Culminó,Fernando Lárez ,22.036.399,fernandolarez93@gmail.com,4242790940,22/10/2018,UCV,Artes,6/12/2018,31/1/2019,"Realizó entrega de video el 25 abril, pero debían colocarle los créditos y detalles de sonido, finalmente entregaron el video final finales Julio 2019"
2019,Culminó,Jorge Luis Quintero,25.367.745,barbossa55@hotmail.com,02126719854 / 04165268725 ,22/10/2018,UCV,Artes,3/12/2018,8/2/2019,realizó 100 horas de apoyo práctico y culminó con muestra de dibujos de estudiante. Se envió carta culminación por correo 13/02/19
2019,Culminó,Juan Miguel Hernández ,17.489.258,jmho15.2@gmail.com,4169335268,22/10/2018,UCV,Artes,6/12/2018,31/1/2019,"Realizó entrega de video el 25 abril, pero debían colocarle los créditos y detalles de sonido, finalmente entregaron el video final finales Julio 2019"
2019,Culminó,Juan Montero,23.692.935,juanmontero185327@gmail.com,4141210260,22/10/2018,UCV,Artes,30/11/2018,8/2/2019,realizó 100 horas de apoyo práctico y culminó con muestra de dibujos de estudiante. Se envió carta culminación por correo 13/02/19
2019,Culminó,Leonel Mena,19.441.037,leoacuar2@hotmail.com,4246417733,22/10/2018,UCV,Artes,11/12/2018,23/3/2019,"al 22 Enero lleva 31,5 horas. Debe enviar propuesta para culminar las 100 horas"
2019,Culminó,Maria Teresa Molina Hernández,24.860.326,mariamolinna09@gmail.com,0414-142-33-52 ,22/10/2018,UCV,Artes,30/11/2018,8/2/2019,realizó 100 horas de apoyo práctico y culminó con muestra de dibujos de estudiante. Se envió carta culminación por correo 13/02/19
2019,Culminó,Nahomi Lopez ,26.098.730,nahomilopezz.nl@gmail.com,4123664992,22/10/2018,UCV,Artes,3/12/2018,11/1/2019,se le envió carta culminación digital por email el 22/01/19
2019,Culminó,Rony Alexander Rada González,24.208.488,ron-y-rada@hotmail.com,0426-8053583,22/10/2018,UCV,Artes,6/12/2018,8/2/2019,se le envi{o constancia de culminación digitalizada el 23/04/19
2019,Culminó,Silvio Loreto ,24.220.322,silvioloreto@gmail.com,4242598187,22/10/2018,UCV,Artes,6/12/2018,31/1/2019,"Realizó entrega de video el 25 abril, pero debían colocarle los créditos y detalles de sonido, finalmente entregaron el video final finales Julio 2019"
2019,Culminó,Sonsire Diaz,26.089.559,sonsirediaz.sd@gmail.com,0424-160-89-36 ,22/10/2018,UCV,Artes,30/11/2018,8/2/2019,realizó 100 horas de apoyo práctico y culminó con muestra de dibujos de estudiante. Se envió carta culminación por correo 13/02/19
2019,Culminó,Angelica Burgos,2266844,angelicavbc51@gmail.com,4149197089,27/4/2019,UCV,Artes,16/5/2019,3/9/2019,91 horas pácticas y dos proyectos artisticos
2019,Culminó,Gabriela Montilla,24.220.343,gabymontvega2015@gmail.com,4125436207,23/3/2019,UCV,Artes,16/5/2019,10/9/2019,86 horas pácticas y dos proyectos artisticos
2019,Culminó,Isabel Araque,27.200.065,i.araque269@gmail.com,0412 806.58.41,23/3/2019,UCV,Artes,28/5/2019,9/8/2019,
2019,Culminó,Jessenea Tang,27319046,jesseneartes.97@gmail.com,4241731281,27/4/2019,UCV,Artes,30/5/2019,26/9/2019,"hasta 20 sep con 2 proyectos lleva 117,5 horas"
2019,Culminó,Lorelis Loreto,26283059,lore3898loreto@gmail.com,4149279030,27/4/2019,UCV,Artes,27/5/2019,8/8/2019,envió planilla incompleta y sin recaudos. Su companera Isabel Araque informó que no va a realizar SC porque se  fue del país
2019,Culminó,Briggit Esther Katan Blanco,24223869,Brikatan@gmail.com;,4242590450,29/5/2019,UCV,Biología,1/8/2019,1/11/2019,realizó 80 horas de apoyo y 40 por proyecto de ciencia. Dejando un folleto de experimentos.
2019,Culminó,Ray Arteaga,24655567,ray.arteaga1@gmail.com ,4266106297,05/29/19,UCV,Química,1/8/2019,1/11/2019,realizó 80 horas de apoyo y 40 por proyecto de ciencia. Dejando un folleto de experimentos.
2019,Culminó,Daniela Cordero ,25.237.679 ,danieelacordero1@gmail.com ,0412-6870768,15/6/2019,UCV,Derecho,26/6/2019,27/9/2019,
2019,Culminó,Dulce Maria Santander Bracamonte,18.654.23 ,santanderdulcem@gmail.com,0424-2671860 ,15/6/2019,UCV,Derecho,26/6/2019,26/9/2019,
2019,Culminó,freddy marcano ,25.565.059,freddymarcano0103@gmail.com,4141359552,27/7/2019,UCV,Derecho,18/8/2019,26/9/2019,este estudiante hizo su apoyo en menos de 3 meses
2019,Culminó,Jessica Andreina Marín Petaquero ,20.014.697 ,lashmid.jm@gmail.com,0414-9132465,15/6/2019,UCV,Derecho,26/6/2019,5/10/2019,
2019,Culminó,Juan José Blanco Manrique,14.155.360,blancomanrique@hotmail.com,0426-5155241,15/6/2019,UCV,Derecho,4/9/2019,5/10/2019,
2019,Culminó,Luis Alberto Hernández Pérez ,16.984.519 ,iosophos@gmail.com,0414-0305057  ,15/6/2019,UCV,Derecho,26/6/2019,12/10/2019,4
2019,Culminó,Melverlyn Valentina Singer Adrián,23.630.664,valensinger8@gmail.com,4125998005,15/6/2019,UCV,Derecho,26/6/2019,26/9/2019,
2019,Culminó,Nelson Hernández Berrio,16880526,nhbucv@gmail.com,4149000027,15/6/2019,UCV,Derecho,26/6/2019,28/9/2019,
2019,Culminó,Raimer Alberto Benitez Rondon,20575367,binx70@gmail.com,4129537511,15/6/2019,UCV,Derecho,26/6/2019,26/9/2019,
2019,Culminó,Samuel Antonio Serrano Liendo,24673418,serranosamuel62@gmail.com  ,4241224258,15/6/2019,UCV,Derecho,26/6/2019,26/9/2019,
2019,Culminó,Yeraldin Sandibel Mora Casanova ,16.745.873 ,yeraldinmorac@gmail.com,0414-2048837 ,15/6/2019,UCV,Derecho,26/6/2019,29/9/2019,
2019,Culminó,Yesid Jose Ramos ,23.464.603 ,yesidjoseramos5411@gmail.com ,0414-9282912,15/6/2019,UCV,Derecho,26/6/2019,26/9/2019,
2019,Culminó,Gabriela Nieto ,24.843.768,gabrielan724@gmail.com,4149174893,23/3/2019,UCV,Educación,4/4/2019,7/8/2019,
2019,Culminó,Maria Emma Céspedes ,E 84.559.714,maria-ch15@hotmail.com,4162081362,23/3/2019,UCV,Educación,4/4/2019,16/7/2019,
2019,Culminó,Sinai Mendoza ,25.214.436,sinaisuriel@gmail.com ,4242134742,23/3/2019,UCV,Educación,4/4/2019,26/7/2019,
2019,Culminó,Dariana Thais Yrum Oropeza ,24802474,darianayrum@hotmail.com,2122568574,17/5/2018,UCV,Ingeniería Metalurgica,1/6/2018,26/1/2019,se envió carta culminación 6 febrero 2019
2019,Culminó,Erick Mata,22762592,erickmatab21@gmail.com,4142597304,4/7/2018,UCV,Ingeniería Metalurgica,21/8/2018,6/12/2019,"reinicio el 23 octubre. Tuvo problemas adminsitrativos en la universidad y para evitar problemas inscribió nuevemnete el SC y tiene fecha de inicio teorico el 18 octubre, y su fecha culminación es 19 enero (a nivel de papeles)"
2019,Culminó,Jean Carrero ,22027749,jeankrushmusic@gmail.com,4141231601,21/10/2019,UCV,Ingeniería Mecánica,1/2/2019,2/5/2019,Se le envió carta digitalizada 8 de Mayo 2019
2019,Culminó,Ibrahim Brea,23944784,ibrahimbrea@gmail.com,04149321149 / 04267067116,16/2/2019,UCV,Ingeniería Eléctrica,2/4/2019,29/7/2019,el inicio el 2 de abril pero para la UCV el inició el 26 de abril del 2019 que fue cuando le aprobaron el proyecto. Por esto aunque culminó el 29 de junio se le coloca el 29 de julio
2019,Culminó,Ernesto Vásquez ,16813327,ernestodvasquezg@gmail.com,4123918123,27/7/2019,UCV,Ingeniería Eléctrica,6/8/2019,17/9/2019,le aprobaron proyecto el 18 de octubre y se realizó carta culminación según esta fecha no la de la práctica
2019,Culminó,Julia Arvelaiz,25.860.848,juliarvelaiz@gmail.com,4143969721,8/10/2018,UCV,Letras,11/12/2018,8/2/2019,"Entregó proyecto para ensenar habito de lectura a las tía cuidadoras. Realizó 100, 5 horas prácticas y el proyecto 20 horas. Se le envió carta culminaci;on digital el 13/02/19"
2019,Culminó,Manuel Alejandro Lovera Díaz,24939931,alelovera93@gmail.com,0212 5729059 /04143071963,21/9/2018,UCV,Terapia Ocupacional,21/1/2019,9/4/2019,Se le envió carta de culminación digitalizada el 14 de Mayo 2019
2019,Culminó,Andrés Alejandro Zambrano Briceño,26861711,rosasypuertas@gmail.com,4242272635,6/9/2018,UCV,Terapia Ocupacional,28/8/2018,21/2/2019,"Desde 28 agosto al 15 Octubre realizó 80 horas. En febrero realizó las horas faltante, se le entregó carta de culminación por 100 horas"
2019,Culminó,Mayling Dalponte Canelon ,25706048,marvillux11@gmail.com,4120267664,6/9/2018,UCV,Terapia Ocupacional,07/08/018,21/12/2018,El 5 de sep la operaron de apenditis. Realizó del 9 agosto al 21 diciembre 106 horas.
2019,Culminó,Nataly Carolina Coy Gil,17425554,nattycoy777@gmail.com,4143652121,14/8/2018,UCV,Terapia Ocupacional,28/8/2018,7/2/2019,se le envió carta de culminación digital el 18/02/19
2019,Culminó,Vanessa Isabel Moreno Perez,27162800,vmorenop25@gmail.com,4140331207,30/7/2018,UCV,Terapia Ocupacional,06/08/018,10/2/2019,se le envió carta culminación digital el 18 de febrero
2019,Culminó,Yadira del Valle Palacios Zamora,26315686,yadirapalacios.17@gmail.com,4166321106,17/5/2018,UCV,Terapia Ocupacional,3/6/2018,24/2/2019,"realizó apoyo de 65,5 horas hasta el 22 de agosto.luego retomo en enrero y febrero. Se envió carta culminación el 26 febrero"
2019,Culminó,Yarumi Fabiola Soto,24.899.688,fabu.soto1@gmail.com,4264040688,21/9/2018,UCV,Terapia Ocupacional,25/10/2018,28/2/2019,"Del 25 oct al 13/11 ha realizado 15,5 horas. . No cumplió con propuesta enviada dos veces en el 2018. envía el 12/01/19 nueva propuesta y finaliza el 28 feb, se envia carta digital el 13/03/19"
2019,Culminó,Yormelys Liseth Zambrano Pérez,25624405,Yormelys7@gmail.com,4262161931,14/8/2018,UCV,Terapia Ocupacional,28/8/2018,20/2/2019,se le envió carta de culminación digital el 26 febrero 2019
2019,Culminó,Oriana del Carmen Cervantes,25.641.627,orianacervr95@gmail.com,4241943452,21/6/2018,UCV,Terapia Cardiorespiratoria,8/11/2018,14/12/2018,envío proyecto el 28/01/19
2019,Culminó,Alejandra Oloyola,17.685.255,neptus_345@hotmail.com,04261189089-04241419964,21/6/2018,UCV,Terapia Cardiorespiratoria,9/11/2018,21/12/2018,envío proyecto el 28/01/19
2019,Culminó,Yeinis Tatis ,23.201.350,yeinistatis@gmail.com,4242102442,8/10/2018,UCV,Terapia Cardiorespiratoria,9/11/2018,4/1/2019,envío proyecto el 28/01/19
2019,Culminó,Victoria Bandres ,25.840.854,vicbandres@gmail.com,4264016595,21/6/2018,UCV,Terapia Cardiorespiratoria,8/11/2018,21/12/2018,envío proyecto el 28/01/19
2019,Pausado,Anayancy Mora ,14406767,jenmarys1@gmail.com,04141412969 ó 04263124132,19/10/2019,CUJP,,12/11/2019,,"envió propuesta por 45 horas,hizo un día de apoyo y luego informó que en diciembre realizaría su SC"
2019,Se Retiró,Melany Barreto,26.367.303,melany.barretob@gmail.com,4123336596,21/9/2018,UNIMET,Psicología,1/9/2018,,escribió mensaje el 21 de enero que se retira del SC
2019,Se Retiró,Raymar Romero ,23.612.410,raymar2727@hotmail.com,4262263031,14/11/2018,UCV,Artes,25/11/2018,,Realizó 21 horas del 26 nov al 18 Dic. Dice que se retira porque le exigen hacer la actividad grupal y no individual
2019,Se Retiró,Elaine Méndez,10.508.437,teatrodetiterestuqueque@gmail.com,0416 5284399,27/4/2019,UCV,Artes,,,Estudiante muy conflictiva. Se recibió reporte de la Directora De Bambi Enlace y la Coordinadora de Educación que la estudiante no seguía instrucciones hizo caso omiso a lo que se lo solicitaba. Se le pidió que ese tipo de conducta no era permitido. Se molestó y envió mensaje whatsapp informando que no quería realizar SC en bambi
2019,Se Retiró,Detsy Parra,15020434,detsyp@gmail.com,4123270299,15/6/2019,UCV,Derecho,26/6/2019,,fue privada de libertad por problemas políticos
2019,Se Retiró,Angie Chacon,24.529.655 , <chacon.angie05@gmail.com>,4127373447,19/10/2019,UCV,Nutrición,24/10/2019,,"Realizaron exploración, pero luego no volvieron. "
2019,Se Retiró,Ayme Gonzaléz ,25.743.714,aymedgb@gmail.com,412-3472731 / 0412-0362115,19/10/2019,UCV,Nutrición,24/10/2019,,"Realizaron exploración, pero luego no volvieron.envióp correo el 4 de enero informando que desean realizar SC en Hogar bambi"
2019,Se Retiró,Mariana Mariño ,23652935,mimcpal@gmail.com,4125643630,19/10/2019,UCV,Nutrición,25/10/2019,,"Realizaron exploración, pero luego no volvieron. "
2019,Se Retiró,Samuel Ochoa ,25.579.573,<samu0996.17@gmail.com>,4141340506,19/10/2019,UCV,Nutrición,26/10/2019,,"Realizaron exploración, pero luego no volvieron. "
2019,Se Retiró,Siul Yajure,24.933.101,siulleandro@gmail.com,0426 4040688,21/9/2018,UCV,Terapia Ocupacional,24/10/2018,,"Del 24/10 al 18/12 realizó 27 horas. Envío propuesta del 2019 y no la ha cumplido…lleva 47 horas envió correo el 7 marzo que enviaría nueva propuesta, pero al no hacerlo se le envió correo el 21 marzo, preguntando si se retira del SC"
2019,Sin Iniciar,Yemmy Mendoza,13.483.720,mendozay298@gmail.com,4141161435,11/14/18,CUECMC,Enfermeria,,,falta carta de la universidad y propuesta
2019,Sin Iniciar,Elide Samantha Linares Díaz,27.374.838,<Elide.Linares@clinicaracas.com>,04241931408 ó 04267001690,7/11/2019,IUAJS,Relaciones Industriales,,,
2019,Sin Iniciar,Jiménez Sirgo María Valentina ,,jmariavalentina@correo.unimet.edu.ve,,,UNIMET,,11/5/2019,,
2019,Sin Iniciar,Jose Carvajal ,,jcarvajal@correo.unimet.edu.ve,,16/1/2019,UNIMET,,9/2/2019,,no entregó planilla se le envió correo y no respodió.
2019,Sin Iniciar,Marielle Bogady,21.469.803,ellebogady93@gmail.com,2123724037,27/4/2019,UCV,Artes,,,
2019,Suspendido,María Fernanda García Reyes,25207125,maria.fernanda1619@gmail.com,4141133195,27/7/2019,Au Pair,Estudios Internacionales,14/8/2019,,No respetó plan de apoyo propuesto. Tampoco envió comunicación informando ausencia. El 25 nov se envió correo informando que queda suspendida.
2020,Culminó,Mariana Aymerich ,25.964.792,aymerichmariana@hotmail.com,4141070946,19/10/2019,UCAB,Comunicación Social,9/11/2019,16/2/2020,
2020,Culminó,Daniela Vásquez ,26.122.426,<daniela.vasquez.2505@gmail.com>,241071160,19/10/2019,UCAB,Comunicación Social,9/11/2019,18/2/2020,excelente apoyo
2020,Culminó,Gabriela Samper ,25.639.725,gabysamper98@gmail.com,4142217144,14/12/2019,UCAB,Comunicación Social,27/12/2019,13/3/2020,Realizó 70 horas de apoyo y se le valió 20 horas el material comunicacional para sumar las 90 horas por la situación de la pandemia.
2020,Culminó,Kyria Vasquez ,26.386.199,<kyriavasquez@gmail.com>,0412 964 18 35,22/11/2019,UCAB,Comunicación Social,29/1/2020,10/3/2020,
2020,Culminó,Alejandro David Benzecry Mancin ,25.385.044,<alejandrobenzecrym@gmail.com>,0414 910 5664 ,18/1/2020,UCAB,Comunicación Social,11/2/2020,8/6/2020,realizó 23 apoyo directo. 67 de forma retomata llevando las redes de Voluntariado
2020,Culminó,María Fernanda Figuera Mendoza,25.367.951, <mafefiguera@gmail.com>,424 199 99 48,18/1/2020,UCAB,Comunicación Social,18/2/2020,13/2/2020,Realiza actividad de fichas comunicacionales virtuales con Erika de Pardo
2020,Culminó,Luis Raúl Brito,25.510.861, <luirabrica@gmail.com>,4140160941,18/1/2020,UCAB,Comunicación Social,17/2/2020,13/2/2020,se envió informe de 60 horas el 06 mayo 2020
2020,Culminó,Hiracelis Ramírez,25.418.752, <hiracelisramirezm@gmail.com>,4149898106,18/1/2020,UCAB,Comunicación Social,17/2/2020,13/2/2020,Realizó 60 horas de apoyo y se le valió 30 horas el material comunicacional para sumar las 90 horas por la situación de la pandemia.
2020,Culminó,María Gabriela Omaña Batista,26.194.519, <batbriela@gmail.com>,4242655089,18/1/2020,UCAB,Administración de Empresas,3/2/2020,4/5/2020,fecha culminación real 09 de marzo pero por cuarente no volvió y la carta de culminación debe reflejar mínimo 3 meses. Las horas si fueron las que realizó
2020,Culminó,Cristopher Rodriguez ,24.991.491,<ccristophergru@gmail.com>,4242456915,18/1/2020,UCAB,Administración de Empresas,19/2/2020,15/6/2020,realizó proyecto de diseño y elaboración de inventarios
2020,Culminó,Rody Arias,27.314.140,rodrigoalbertosegnini@gmail.com,0424-2290131,15/2/2020,UCAB,Educación,18/2/2020,12/3/2020,
2020,Culminó,Lairelis Coromoto Rivas Ochoa,26332847,fridanoire@gmail.com,4261924397,27/4/2019,UCV,Artes,23/5/2019,6/2/2020,
2020,Culminó,Lisette Fernández,24702160,lizzfernandez271@gmail.com,0412-9888392,27/4/2019,UCV,Artes,24/5/2019,6/2/2020,
2020,Culminó,Noel Cisneros,12376695,arcanoel@gmail.com,0414 3220177,27/4/2019,UCV,Artes,10/6/2019,6/2/2020,
2020,Culminó,Oriana Ochoa Rodríguez,23660938,orianitaor@gmail.com,4141052457,23/3/2019,UCV,Artes,20/5/2019,6/2/2020,
2020,Culminó,Andrea Payares ,24.760.938,andreapayares@gmail.com,4168349322,22/11/2019,UCV,Química,13/12/2019,3/5/2020,"Realizó 79 horas de apoyo has 12 marzo y por pandemia no pudo regresar, realizó junto a Joselin Smitm unos juegos didacticos para niños y se sumo 20 horas más. En espera de que UCV abra para sellar y firma formatos requeridos para cierre"
2020,Culminó,Joselin Smith ,24.802.045,joselinsmith18@gmail.com,4141186488,22/11/2019,UCV,Química,13/12/2019,3/5/2020,"Realizó 79 horas de apoyo has 12 marzo y por pandemia no pudo regresar, realizó junto a Andrea payares unos juegos didacticos para niños y se sumo 20 horas más.En espera de que UCV abra para sellar y firma formatos requeridos para cierre"
2020,Culminó,María Hernández Rodríguez,17408570,mdl.ucv@gmail.com y marilouhernandezr@gmail.com,0424-1740098,14/12/2019,UCV,Derecho,22/1/2020,,lleva 72.5 horas antes de cuarentena.Reinició apoyo con Dayany el 22 de septiembre para culminar sus hora el 9 octubre en espera de que envíe el cuadro con las horas realizadas para hacerle la carta de culminación. Sigue apoyando como voluntaria 
2020,Culminó,Luis Millan ,20589556,lmillan131@gmail.com,4243541845,15/6/2019,UCV,Ingeniería Eléctrica,10/8/2019,21/4/2020,"tuvo accidente se reincorporó en Octubre, lleva 55,5 horas hasta diciembre 2019 antes de la cuarentena llevaba 88,5 horas. Envió el 21/04/20  ejercicios de potenciación para cubrir las  horas que le faltaban para culminar. Debe verificar con la UCV cómo realizar las firmas para culminar el proyecto"
2020,Culminó,Génesis Andrea Brito Santiago,25212062,genesisabritos@gmail.com,4125570117,29/5/2019,UCV,Medicina,17/6/2019,10/1/2020,
2020,Culminó,Paola Regina Hernández Matos,21343698,paohnndz@gmail.com,4242923607,29/5/2019,UCV,Medicina,17/6/2019,22/11/2019,
2020,Culminó,Patricia Valentina González Olmo,24897922,gnz_paat@hotmail.com,4242101264,29/5/2019,UCV,Medicina,17/6/2019,22/11/2019,
2020,Culminó,Katherine De Sousa Urdaneta ,23707554,Katherine_ds_10@hotmail.com,0424-2692094,27/7/2019,UCV,Medicina,9/8/2019,9/1/2020,
2020,Culminó,Mariant Maldonado Diaz,21.290.665,mariantcarol@hotmail.com,0412-3799736,27/7/2019,UCV,Medicina,9/8/2019,9/1/2020,
2020,Culminó,Sabrina Fernández ,24.540.299,sabrina13ferber@outlook.com  y 'sabrina_gordita@hotmail.com',4243070734,27/7/2019,UCV,Medicina,23/8/2019,16/1219,
2020,Culminó,Angélica Terán ,26411932,angelicateraan@gmail.com,4142471290,20/9/2019,UNIMET,Ingeniería Química,21/9/2019,,
2020,Culminó,Beatriz Rodriguez ,25382693,beatrizmri96@gmail.com,4124031868,20/9/2019,UNIMET,economía,21/9/2019,,
2020,Culminó,Brenda Fernandez ,26467482,brendafernandes034@gmail.com,4143047443,25/9/2019,UNIMET,Ingeniería Química,28/9/2019,,
2020,Culminó,Brenda Hamel ,26454532,brendahamel01@gmail.com ,4129997493,27/4/2019,UNIMET,Psicología,11/5/2019,,
2020,Culminó,Eloy Carvajal ,25782162,eloycarvajal97@hotmail.com,4249021852,20/9/2019,UNIMET,Administración de Empresas,21/9/2019,,
2020,Culminó,Luis Christiansen ,27028297,lchristiansen@correo.unimet.edu.ve,0424-2313402,20/9/2019,UNIMET,Administración de Empresas,21/9/2019,,
2020,Culminó,Maite Rodríguez ,27670381,mrzoco@gmail.com,4142898058,20/9/2019,UNIMET,Ingeniería Química,21/9/2019,,
2020,Culminó,María Gabriela Manzanilla ,26576835, gabrielamanza21mn@gmail.com,0412-996-11-92,20/9/2019,UNIMET,Psicología,21/9/2019,,
2020,Culminó,María Genatios,24671276,mariagenatios@gmail.com,0414-910-4404,20/9/2019,UNIMET,Psicología,21/9/2019,,
2020,Culminó,María Victoria Reyes D´Armas,20801235,maria_reyes@correo.unimet.edu.ve,4241491729,20/9/2019,UNIMET,Derecho-Estudios Liberales,21/9/2019,,
2020,Culminó,Maricris Carreño,22587098,M-acd@hotmail.com,4249661705,20/9/2019,UNIMET,Psicología,21/9/2019,,
2020,Culminó,Rosa González ,27346075,rosaavgc@gmail.com,0424-1592564,20/9/2019,UNIMET,Idiomas Modernos,21/9/2019,,
2020,Culminó,Wendy Maita ,26861720,wendymaita02@gmail.com,4241889543,20/9/2019,UNIMET,Ingeniería Química,21/9/2019,,
2020,Culminó,Yexenia Franquiz ,27352658,yexenia.franquiz@correo.unimet.edu.ve,4248506610,20/9/2019,UNIMET,Psicología,21/9/2019,,
2020,Culminó,Eugenia Lafée,25.157.468,eugenialafee@gmail.com,4248040695,19/1/2019,UNIMET,Psicología,21/9/2019,,
2020,Culminó,Concepcion Madriz ,23.686.580,conchamadriz@hotmail.com,4126171532,27/4/2019,UNIMET,Psicología,11/5/2019,,
2020,Culminó,Gabriel Díaz ,26.454.523,gabodp10@gmail.com,0424-1263248,18/1/2020,UNIMET,Ingeniería Mecánica,25/1/2020,,
2020,Culminó,Daniela Manzur,27.309.671,m.daniela@correo.unimet.edu.ve ,4242275570,18/1/2020,UNIMET,Psicología,25/1/2020,,
2020,Culminó,Adriana Pèrez,18.182.649, buzon.hadriana@gmail.com,4142423511,18/1/2020,UNIMET,Derecho-Estudios Liberales,25/1/2020,,
2020,Culminó,Maria Jose Ramirez Navarro,26.051.159, goyo120364@hotmail.com,4248729986,18/1/2020,UNIMET,Derecho,25/1/2020,,
2020,Culminó,María Matilde Rodríguez Guzman,26.101.553,Airamedlitam@gmail.com,4249695378,18/1/2020,UNIMET,Economía Empresarial,25/1/2020,,
2020,Culminó,Albani Villalobos,27.163.225,albaniale69@gmail.com,0424-2290432,20/9/2019,UNIMET,Ingeniería Mecánica,1/9/2019,,
2020,Culminó,Alessandro Cervetti,25.227.796,acervetti@correo.unimet.edu.ve,0424-7555459,20/9/2019,UNIMET,Derecho,1/9/2019,,
2020,Culminó,Ana Cecilia Martínez,25.257.868, <anaceciliamartinez16@gmail.com>,0424-8055074,18/1/2019,UNIMET,Economía Empresarial,1/1/2020,,
2020,Culminó,Andrea Estefanía Pereira Capote,27.279.605,andrea.pereira142@gmail.com,0412-9140303,20/9/2019,UNIMET,Idiomas Modernos,1/9/2019,,
2020,Culminó,Andrea Flores,26.851.021,andrea.flores@correo.unimet.edu.ve,0414-8562106,20/9/2019,UNIMET,Derecho,1/9/2019,,
2020,Culminó,Andreína Flores,26.414.429, <andremfp@hotmail.com,0414-2652868,18/1/2019,UNIMET,Administración de Empresas,1/1/2020,,
2020,Culminó,Andrés Sangoi ,26.993.457,<asangoi@correo.unimet.edu.ve>,0424-1417357,18/1/2019,UNIMET,Ingeniería Mecánica,1/1/2020,,
2020,Culminó,Anny Pernía ,24.332.748,<annypernia@correo.unimet.edu.ve>,34643476600,18/1/2019,UNIMET,Ingeniería de Producción,1/1/2020,,
2020,Culminó,Argelia Olivo,26.271.334,a.olivo@correo.unimet.edu.ve,0414-2040918,20/9/2019,UNIMET,Psicología,1/9/2019,,
2020,Culminó,Cesar Tovar,25.418.543,ctinfinite28@gmail.com,0414-1280058,20/9/2019,UNIMET,Derecho,1/9/2019,,
2020,Culminó,Daniel Superlano,20.815.856, <DanielSuperlanoVegas@gmail.com>,0424-2102123,18/1/2019,UNIMET,Economía Empresarial,1/1/2020,,
2020,Culminó,Daniela Poleo,26.819.213,dannapoleo@gmail.com,0414-2349009,20/9/2019,UNIMET,Derecho-Estudios Liberales,1/9/2019,,
2020,Culminó,Eleanny Francesca Parra,27.346.768,francescacata@hotmail.com,0424-1130424,20/9/2019,UNIMET,Derecho,1/9/2019,,
2020,Culminó,Estefanía Da Silva,23.713.798,efatenia@gmail.com,0412-2431843,20/9/2019,UNIMET,Ingeniería Eléctrica,1/9/2019,,
2020,Culminó,Gabriel Rosciano,26.590.610,g.rosciano@correo.unimet.edu.ve,0412-2442581,20/9/2019,UNIMET,Derecho,1/9/2019,,
2020,Culminó,Isabela Vitolo,27.302.069,isabelavitolo.cortez@gmail.com,0424-1724822,20/9/2019,UNIMET,Psicología,1/9/2019,,
2020,Culminó,Isabella Santander ,26.996.693,<santanderisabella@gmail.com,0424-1661014,18/1/2019,UNIMET,Psicología,1/1/2020,,
2020,Culminó,María Hernández,26.255.005,h.maria@correo.unimet.edu.ve,0424-2322645,20/9/2019,UNIMET,Derecho,1/9/2019,,
2020,Culminó,Mariangela Maldonado ,26.489.044,<maldonadom@correo.unimet.edu.ve>,0414-2211900,18/1/2019,UNIMET,Ingeniería Civil,1/1/2020,,
2020,Culminó,Ricardo Curatolo ,24.408.796,<curatoloricardo@gmail.com>,0414-2013330,18/1/2019,UNIMET,Ingeniería Civil,1/1/2020,,
2020,Culminó,Samuel Boada ,26.731.150,<samuel.boada@correo.unimet.edu.ve>,0424-2353056,18/1/2019,UNIMET,Ingeniería en Sistemas,1/1/2020,,
2020,Culminó,Stephanie Rodríguez,26.268.273,stephi98@hotmail.es,0416-6809638,20/9/2019,UNIMET,Derecho,1/9/2019,,
2020,Culminó,Tiffany Nébola,27.226.280,tiffanyvaleria@hotmail.com,0414-8436962,25/9/2019,UNIMET,Ingeniería Civil,1/9/2019,,
2020,Culminó,Valentina Ancieta ,25.642,<valentinaancieta@gmail.com>,0424-1425314,18/1/2019,UNIMET,Psicología,1/1/2020,,
2020,Se Retiró,Gabriel Zubiaga,19396966,gabrielzubiaga@gmail.com,0424-2967695 y 0424-1844514,18/1/2020,UCV,Derecho,6/2/2020,,estudiante fue conflictivo desde el principio
2020,Suspendido,Genesis Carolina Hernández Oca ,24.211.278,<gesiisiii@gmail.com>,0414-2035264,18/1/2020,UCV,Psicología,2/3/2020,,realizaron varias reuniones y luego irresponsablemente se desentendieron de la actividada. Se hace el reporte a la escuela de psicologia
2020,Suspendido,Laura Virginia Martínez Moreno,24211246,<lauvmarmor@gmail.com>,0412-986-7131,18/1/2020,UCV,Psicología,2/3/2020,,realizaron varias reuniones y luego irresponsablemente se desentendieron de la actividada. Se hace el reporte a la escuela de psicologia
2020,Suspendido,Odalis Anais Rojas González,25.280.321,<oda-lis12@hotmail.com>,0412-3368587,15/2/2020,UCV,Psicología,2/3/2020,,realizaron varias reuniones y luego irresponsablemente se desentendieron de la actividada. Se hace el reporte a la escuela de psicologia
2021,Culminó,Rodolfo Nunez,26.997.740,<rodnunez201338@gmail.com>,0424-2772030,22/5/2021,Au Pair,,2/6/2021,13/8/2021,estudiante desde principio de junio a mediados de agosto realizó 99.5 horas de apoyo. No cumplió las horas de finales agosto y el mes de septiembre 2021. envió correo informado que ya no realizará el Programa Au pair y por ello no volvió. Se le expidió constnacia de las horas realizadas para formalizar el cierre 
2021,Culminó,Alberto Ceci Carrillo.,27.027.708,albertoceci38@gmail.com,0412-2502728,27/2/2021,UCAB,Administración de Empresas,15/3/2021,15/6/2021,
2021,Culminó,Alejandra Fernandes Farina ,27.163.088,<adfernandes.17@est.ucab.edu.ve>alejandraf1999@gmail.com,0424 185 9022,21/11/2020,UCAB,Contaduría Pública,12/1/2021,24/4/2021,
2021,Culminó,Alejandra Rodriguez ,25.689.603,alejandrardg12@gmail.com,4142878150,31/10/2020,UCAB,Administración de Empresas,2/12/2020,2/3/2021,
2021,Culminó,Alfredo Coll Hernández,23565664,<alfredohcoll@gmail.com>,4122218033,31/10/2020,UCAB,Administración de Empresas,24/11/2020,24/2/2021,
2021,Culminó,Ana Carpio Moura,25964505, <akcarpio.17@est.ucab.edu.ve>,4242338387,31/10/2020,UCAB,Administración de Empresas,24/11/2020,24/2/2021,
2021,Culminó,Andrea Suarez,25891985,andreeasuaarez@gmail.com,412942299,31/1/2021,UCAB,Administración de Empresas,3/5/2021,22/7/2021,
2021,Culminó,Christian Damiano Zizza ,25716234,"cdamiano.16@est.ucab.edu.ve  cdamiano315@gmail.com

",4123018585,21/11/2020,UCAB,Administración de Empresas,4/1/2021,16/5/2021,Esta fuera de Vzla realizará inventario para la Nutricionista de manera visrtual arreglando un archivo en excel
2021,Culminó,Daniel Holguin,27.670.431,danielholguinlopez18@gmail.com, 0424-2111665,27/2/2021,UCAB,Administración de Empresas,15/3/2021,15/6/2021,
2021,Culminó,"Eliana Natali Pineda Yañez, ",24.982.823,enpineda.14@est.ucab.edu.ve eliananatali09@gmail.com,0424-236-07-69,21/11/2020,UCAB,Contaduría Pública,12/1/2021,24/4/2021,
2021,Culminó,Erick Burkle Sosa ,25840270,<ehburkle.16@est.ucab.edu.ve>,0412 622 3034,21/11/2020,UCAB,Administración de Empresas,8/2/2021,13/5/2021,
2021,Culminó,Jhonder Sánchez ,25.969.274,<jhondersanchezd@gmail.com>,0412.200.74.40,22/5/2021,UCAB,Administración de Empresas,2/8/2021,2/11/2021,"Le falta informe de cierre, se mando correo estatus de informe 13/12/2021"
2021,Culminó,"José Angel León Knepper, ",26-747-675,jaleon.18@est.ucab.edu.ve,0424-241-3071,21/11/2020,UCAB,Administración de Empresas,8/2/2021,,no asistió a cita de inventario el 29 abril. se le envía 3 archivos excel para unificarlo en un solo
2021,Culminó,Laura Virginia Madera Rumbos,27.669.044,lvmaderar.18@est.ucab.edu.ve,0414-2569480,21/11/2020,UCAB,Administración de Empresas,8/2/2021,20/5/2021,
2021,Culminó,Lina Tesone ,23.691.050,letesone.13@est.ucab.edu.ve  lina tesone <linatesone@gmail.com>,0412 709 69 36,21/11/2020,UCAB,Administración de Empresas,4/1/2021,4/4/2021,
2021,Culminó,María Camila Pierral ,27624036, <camilapierral@hotmail.com>camilapierral@gmail.com ,4122379001,21/11/2020,UCAB,Administración de Empresas,25/1/2021,20/5/2021,
2021,Culminó,"Moisés Alexis Bello Benítez, ",19.736.664,"mabello.17@est.ucab.edu.ve  mabbalex@gmail.com

",4242097713,21/11/2020,UCAB,Administración de Empresas,25/1/2021,3/6/2021,queda pendiente informe final. evaluación se firmo el 25/07/21
2021,Culminó,Rossy Valentina Arias Piscitello,27.515.081,rvarias.18@est.ucab.edu.ve   rossyariasp@gmail.com ,0412- 2971900,21/11/2020,UCAB,Administración de Empresas,7/1/2021,13/5/2021,
2021,Culminó,Vanessa Alejandra Fernández Barrios,26.856.328,<vanessafernandezb18@gmail.com>,4141216500,27/2/2021,UCAB,Administración de Empresas,3/5/2021,22/7/2021,
2021,Culminó,Victoria Sabatini ,27.491.085,<victoriasabatini10@gmail.com>,4246400205,22/5/2021,UCAB,Administración de Empresas,30/7/2021,2/11/2021,falta infrome de cierre
2021,Culminó,Ana Isabel Padilla Carrillo,25.083.333,anaisabelpadilla26@gmail.com,0414-8983760,22/5/2021,UCAB,Comunicación Social,23/6/2021,23/9/2021,Solo falta informe de cierre
2021,Culminó,Andrea Carolina Restori Ron,27.376.336,<andrearestori1198@gmail.com>,0424-2484227,24/4/2021,UCAB,Comunicación Social,18/5/2021,30/8/2021,29/09 mandados todos los papeles
2021,Culminó,Danniella Valentina Segovia Maneiro,26.589.945,danniellavalentina@gmail.com,(0424) 2401119,21/11/2020,UCAB,Comunicación Social,3/12/2020,16/4/2021,firma reporte 60 horas 12/02/21. falta informe final
2021,Culminó,Emiliana Sánchez-Rubio Pérez,26.818.388,<esanchezrubio.18@est.ucab.edu.ve>,4241408490,24/4/2021,UCAB,Comunicación Social,21/5/2021,28/10/2021,reporte de 60 horas 27/09
2021,Culminó,Fabiana Fernanda Henriquez,, <fabianafhenriquez@gmail.com>,04120719984-04246460110,22/5/2021,UCAB,Comunicación Social,25/6/2021,9/11/2021,informe de cierre 15/11/2021
2021,Culminó,Gabriela Valentina Blanco Rodil,27.977.937,gabyrodil13@gmail.com,4126145379,31/10/2020,UCAB,Comunicación Social,26/3/2021,30/8/2021,
2021,Culminó,Karla Peinado,26.745.041, <karlavpf99@gmail.com>,0424-1995803,31/10/2020,UCAB,Comunicación Social,3/12/2020,16/4/2021,firma reporte 60 horas 12/02/21. informe final 03/05/21
2021,Culminó,María José Medina Medina,27.659.533,<mm23843@gmail.com>,4242936876,22/5/2021,UCAB,Comunicación Social,29/6/2021,16/11/2021,"Reporte de 60 horas 27/09/2021, informe 8/12/2021"
2021,Culminó,Veronica Gazzara ,27.187.176,<veronicagazzara@hotmail.com>,4141594618,22/5/2021,UCAB,Comunicación Social,1/6/2021,2/11/2021,realizó 12 horas de apoyo en Bambi Enlace y Bambi 5. informe final se firmo el 20/04/22
2021,Culminó,Victoria Elena Jiménez Padrón,27.426.267,vickiejp99@gmail.com ,0424-165-4963,22/5/2021,UCAB,Comunicación Social,29/6/2021,9/11/2021,falta informe de cierre
2021,Culminó,Viviana Cuotto,28.475.478,<vivianacuotto2000@gmail.com>,0424-9299224,24/4/2021,UCAB,Comunicación Social,18/5/2021,30/8/2021,29/09 mandados todos los papeles
2021,Culminó,Yesenia Boutros Sleiman ,26.484.579,yesebs98@gmail.com,4241506983,31/10/2020,UCAB,Comunicación Social,26/3/2021,30/8/2021,Se le mando informe de cierre con evaluación el 2/11
2021,Culminó,Yosue Diaz,27.659.069, <yoiceluciano@gmail.com>,4242355683,21/11/2020,UCAB,Comunicación Social,2/12/2020,5/4/2021,Estudiante reconocido Día Voluntario Bambi 2021
2021,Culminó,Zorynel Carolina Hernández Siso,28.155.402,zoryhernandezs98@gmail.com,4142007105,22/5/2021,UCAB,Comunicación Social,31/8/2021,17/12/2021,suspendio para el jueves 18/11/2021 - se posterga para dos semanas
2021,Culminó,Alexandra Hernandez ,24313761,alehernandez31196@gmail.com,4241958982,31/10/2020,UCAB,Ingeniería Industrial,22/1/2021,13/5/2021,en espera de documentos de UCAB para ser sellados y firmados para el Cierre del Servicio Comunitario
2021,Culminó,David Jaramillo ,26.454.329,davidjaramill11@gmail.com,+58.414.316.69.28  ,31/10/2020,UCAB,Ingeniería Industrial,21/1/2021,13/5/2021,en espera de documentos de UCAB para ser sellados y firmados para el Cierre del Servicio Comunitario
2021,Culminó,Stefanny Gouveia,27475813, <stefygouveia@gmail.com>,0424-1121389,21/11/2020,UCAB,Ingeniería Industrial,9/3/2021,21/6/2021,Falta informe final
2021,Culminó,Kevin Teixeira,25625377, <kevinteixeira15@gmail.com>,4129954268,7/1/2021,UCAB,Ingeniería Industrial,9/3/2021,21/6/2021,Falta informe final
2021,Culminó,Sandra Zumeta ,23.696.654,<sandra.zumeta@gmail.com>,4142919306,27/2/2021,UCAB,Ingeniería Industrial,7/5/2021,26/10/2021,Falta informe final
2021,Culminó,Barbara Manzo ,26314889,<barbaracmde@gmail.com>,4241173535,27/2/2021,UCAB,Ingeniería Industrial,7/5/2021,26/10/2021,Falta informe final
2021,Culminó,Gabriel Rodrígues,27.127.189,pereirinha2802@hotmail.com,4169221481,21/11/2020,UCAB,Relaciones Industriales,11/12/2020,12/4/2021,
2021,Culminó,Maria J. Lozada,26.510.304, <mlozadar98@gmail.com>,0412 709 69 36,21/11/2020,UCAB,Relaciones Industriales,11/12/2020,29/4/2021,
2021,Culminó,Melanie Di Benedetto,27.624.497, <melaniedibenedetto9@gmail.com>,4242368581,7/1/2021,UCAB,Relaciones Industriales,22/2/2021,13/5/2021,
2021,Culminó,Bárbara Pisella ,27040649,bpisella05@gmail.com,4125586082,7/1/2021,UCAB,Relaciones Industriales,22/2/2021,13/5/2021,
2021,Culminó,Génesis Novita ,28.180.119,<genesisnovita@gmail.com>,0412 245 9459,30/1/2021,UCAB,Relaciones Industriales,2/3/2021,3/6/2021,
2021,Culminó,Galdino José Barón Amoedo,27.995.807,<galdinoamoedo@gmail.com>,0412 559 3176,30/1/2021,UCAB,Relaciones Industriales,2/3/2021,3/6/2021,
2021,Culminó,María Victoria D´Alto Rodríguez,28 084 431,<mariadalto27@gmail.com>,0414 421 2464,30/1/2021,UCAB,Relaciones Industriales,16/7/2021,29/10/2021,
2021,Culminó,Astrid Carolina Aguiar Mayorca ,27282336,<astridaguiarm@gmail.com>,0424-263-4262,24/4/2021,UCAB,Sociología,31/5/2021,22/9/2021,falta solo le falta el informe
2021,Culminó,Cristian Javier Graterol Perez ,24418747,<cristiangraterol29@gmail.com>,4149332693,22/4/2021,UCV,Antropología,8/7/2021,28/2/2022,Estudiante realizó SC con Proyecto de FCJP Escuela de Derecho
2021,Culminó,Bernard Blanc,26473704, berand14@gmail.com, 0212-693-43-79,21/11/2020,UCV,Geoquímica,16/12/2020,12/4/2021,
2021,Culminó,César Salazar ,27223325,bitemecesar@gmail.com,4241712124,21/11/2020,UCV,Computación,4/1/2021,,esta en el estado Falcón y se acordó que se le haría cierre y que cuando regrese a Caracas realizaria voluntariado...esperemos sea así
2021,Culminó,Daniel Alfredo Rodríguez De Sousa,30467976,danny797rodrigues@gmail.com,424-1469188,31/10/2020,UCV,Física,17/11/2020,29/3/2021,Estudiante reconocido Día Voluntario Bambi 2021
2021,Culminó,Giselt Grimilda Parra Villalba,26609640,<giseltpv@gmail.com>,0414-2240441,22/5/2021,UCV,Computación,30/7/2021,30/10/2021,se envio carta e informe de cierre
2021,Culminó,Jennifer María Torre Mora ,26411841,<jennimtm@gmail.com>,424291 5020,31/10/2020,UCV,Química ,14/12/2020,14/3/2021,
2021,Culminó,Juan Navas,25573433,navascruzf@gmail.com,0426-6470654,10/7/2021,UCV,Computación,25/7/2021,28/10/2021 reunión con junta directiva,"realizará pagina web con material educativo.Estudiante reconocido Día Voluntario Bambi 2021. Falta la firma del informe final, debe enviarlo con la firma del tutor académico"
2021,Culminó,Laura Pita,23.689.397,<laurapitad@gmail.com>,0424-1803765,10/7/2021,UCV,Química,26/7/2021,26/10/2021,se envio carta e informe de cierre
2021,Culminó,Manuel Da Silva,26725791, <manueldasilva98@gmail.com>,4242981022,21/11/2020,UCV,Computación,25/7/2021,29/10/2021,"*Estudiante inicia apoyo aunque aún no tenga formalizado proyecto con la UCV porque no le dio chance en Noviembre, y se requería el apoyo en la programación de el sistema de almacenamiento de datos manejado por erika de Pardo. Debe enviar informe final"
2021,Culminó,Maria Andreina Figueira ,25625392,<mariafigueira2801@gmail.com>,04142173066 y 04122011144,31/10/2020,UCV,Química ,12/1/2021,24/3/2021,
2021,Culminó,Oriana Andreina Fernández Maurera,25.552.973,<oriferandreina@gmail.com>,0412-3505393,10/7/2021,UCV,Química,29/7/2021,29/10/2021,se envio carta e informe de cierre
2021,Culminó,Patricia Carolina Rosales Noriega,26647498, <pachirosales@gmail.com>,0412-2814449,31/10/2020,UCV,Física,17/11/2020,29/3/2021,Estudiante reconocido Día Voluntario Bambi 2021
2021,Culminó,Patricia Daniela Cibeira Castiblanco,25.869.022,<patydanicc@gmail.com>,4169001925,22/5/2021,UCV,Química,25/7/2021,25/10/2021,se envio documentos 21/12/2021
2021,Culminó,Rene Manzanares,24312539, <rene.manzanares@hotmail.com> canario0303@gmail.com,4141824492,21/11/2020,UCV,Química,16/12/2020,15/3/2021,Se firmó Informe y otros recaudos  de Servicio Comunitario UCV el 13/04/21 
2021,Culminó,Reynel A. Lugo,24334505,<reyjlgo@gmail.com>,4122566433,21/11/2020,UCV,Química,25/7/2021,25/10/2021,se envio documentos 22/12/2021
2021,Culminó,Valentina Contreras ,26022819,<valexcontreras@gmail.com>, 0412-202.22.27 y ,21/11/2020,UCV,Computación,4/1/2021,31/3/2021,
2021,Culminó,Aibelys Breisimar Méndez López,V-25741821,breylop28@gmail.com,4129101432,10/7/2021,UCV,Derecho,21/7/2021,21/10/2021,
2021,Culminó,Alexis Bolivar Perez,16.669.456, <alexisbolivar.juri@gmail.com>,(0426)- 314.9647,21/11/2020,UCV,Derecho,26/11/2020,26/2/2021,
2021,Culminó,Ángela Paredes Amore,26.026.921,Angelapamore@gmail.com,0424-3437174,10/7/2021,UCV,Derecho,3/8/2021,3/11/2021,culmina el 3 de noviembre se le firmo antes de tiempo porque debe agilizar el proceso. 
2021,Culminó,Atanely Ortega,25.220.173,atanelyortega@gmail.com,4126032795,14/12/2019,UCV,Derecho,28/12/2019,14/1/2021,
2021,Culminó,Carel Cano,10116165,carelcano@gmail.com,0416-2104692,21/11/2020,UCV,Derecho,15/12/2020,30/4/2021,estudiante finalizando se le murió su hijo de Covid y aunque le faltaba unas horas de SC se le dejó sus horas completas.
2021,Culminó,Carlos Raúl Quijada,V- 17.558.968,Carlosraulquijada26@gmail.com,4242621494,22/5/2021,UCV,Derecho,17/6/2021,28/10/2021,
2021,Culminó,Carlos Vargas,23.527.952,cavargas0893@gmail.com,0412 9841654,30/1/2021,UCV,Derecho,3/3/2021,16/7/2021,
2021,Culminó,Carolina Olaya,16.378.917,carolinaucv1@hotmail.com  ,0416-3110633 y 0414-3358792,14/12/2019,UCV,Derecho,11/1/2020,30/10/2020,
2021,Culminó,Daelis Alcántara Martínez ,19.979.558,daelisalmarucv@gmail.com,"0212 484 86 21, 0426 286 39 25 y 0212 506 80 84.",15/2/2020,UCV,Derecho,22/2/2020,26/4/2021,"Discapacitada visual que realiza SC acompañada de su mamá Francisca Martínez,5.084.657,. de 64 años de edad. Lleva 15.5 horas antes de la cuarentena.Estudiante reconocido Día Voluntario Bambi 2021"
2021,Culminó,Diana Isabel Ruiz farias,26071054,dirufa55@gmail.com,4168878068,10/7/2021,UCV,Derecho,23/7/2021,26/10/2021,por culminar el 26 de octubre
2021,Culminó,Jenny Díaz Suarez,6345796,jennydiazdepimentel@gmail.com,0424-1501397,30/1/2021,UCV,Derecho,18/2/2021,22/6/2021,
2021,Culminó,Johanlaury Coromoto Valderrama L pez,25.969.415,johanluary.valop@gmail.com,4242059786,10/7/2021,UCV,Derecho,27/7/2021,27/10/2021,Estudiante reconocido Día Voluntario Bambi 2021
2021,Culminó,Johrgelis Rangel,27042087,johrgelisr@gmail.com,0424-3677306 ó 04120102402,14/12/2019,UCV,Derecho,25/1/2020,10/6/2021,
2021,Culminó,José Gregorio Pumarejo,24.221.077,luchon78@gmail.com,0412-2265029,21/11/2020,UCV,Derecho,11/2/2021,18/6/2021,Estudiante reconocido Día Voluntario Bambi 2021
2021,Culminó,José Rafael Bautista Vargas Ceballos,27.710.752,joserbvargasc@gmail.com,4249166914,18/1/2020,UCV,Derecho,6/2/2020,13/11/2020,
2021,Culminó,Laura Pedroza,25.545.337, <laaupedroza@gmail.com>,4241872579,7/1/2021,UCV,Derecho,28/1/2021,5/8/2021,
2021,Culminó,Luis Diego Bracho Perozo,V-26.367.447,luisdiego311@gmail.com,0412-9009179,22/5/2021,UCV,Derecho,8/6/2021,9/9/2021,
2021,Culminó,Maria Fernanda Márquez Q,25.219.874,<mariafermarquezquintana@gmail.com>,04126211471 / 04141535381,10/7/2021,UCV,Derecho,28/7/2021,29/10/2021,Estudiante reconocido Día Voluntario Bambi 2021
2021,Culminó,Michel Mendez Bastidas,26.641.588,michelmendez177@gmail.com,4123090239,30/1/2021,UCV,Derecho,27/5/2021,8/9/2021,
2021,Culminó,Nino Leonel Guerrero Gutiérrez,12.402.990,guerrero77n@gmail.com,0414.204.24.99,10/7/2021,UCV,Derecho,2/8/2021,2/11/2021,se le envió carta culminación e informe el 25/10/21 para tramite 
2021,Culminó,Olga Nathalie Viera,6.970.214,nathalie.viera@gmail.com,4141615131,30/1/2021,UCV,Derecho,25/2/2021,21/6/2021,
2021,Culminó,Rengelbert Manuel Arraez De Jesús.,25639002,Rengelberth03@gmail.com,4120289585,10/7/2021,UCV,Derecho,19/8/2021,4/11/2021,"culminó antes de los 3 meses, para poder graduarse, debe esperar el visto bueno de su escuela"
2021,Culminó,Walkiria Camacaro M. ,21.686.377,walki.camacaro@gmail.com,4247467625,30/1/2021,UCV,Derecho,10/3/2021,14/7/2021,
2021,Culminó,Yeison Cardoza,25913747,<yeisoncardoza01@gmail.com>,0424 279 43 41,10/7/2021,UCV,Derecho,29/7/2021,29/10/2021,
2021,Culminó,Yhetsaileth Echeverría,25253010, yhetsaileth@gmail.com,4242369756,30/1/2021,UCV,Derecho,30/5/2021,30/8/2021,
2021,Culminó,Yolanda Tovar,10.510.941.,<yolandatovar.43@gmail.com>,4129055784,1/5/2021,UCV,Derecho,12/7/2021,18/10/2021,realizó inducción de voluntarios en vez de estudiantes.
2021,Culminó,Yeinny Roxana Laguado Suescun,24.198.229,lauravcb17@gmail.com,(0412) 917 57 02,10/7/2021,UCV,Trabajo Social,10/8/2021,11/11/2021,se le entregó reconocimiento el día del voluntario Bambi 2021. se firma informe el 06/12/21
2021,Culminó,Aliana Condado ,26268569,aliana.condado@correo.unimet.edu.ve,4127592368,31/10/2020,UNIMET,Idiomas Modernos,,,Realiza proyecto con Estefanny Blanco
2021,Culminó,Ana Montoya,27858674, <a.montoya@correo.unimet.edu.ve>,4143661111,31/10/2020,UNIMET,Ingeniería Química,,,realiza Proyecto con Ana Julio
2021,Culminó,Ana Ysabel Paiva Medina,27622078,ana.paiva@correo.unimet.edu.ve,4124411678,31/10/2020,UNIMET,Ingeniería Química,,,realiza Proyecto con Erika Wehrmann
2021,Culminó,Anakarina Julio,27451059, <anakarina.julio@correo.unimet.edu.ve>,0424-255-47-87,31/10/2020,UNIMET,Ingeniería Química,,,realiza Proyecto con Ana Montoya
2021,Culminó,Carelys Salas,26271912, <carelys.salas@correo.unimet.edu.ve>,4241568670,31/10/2020,UNIMET,Psicología,,,realiza Proyecto con Milenia Piña
2021,Culminó,Daniel Gamarra ,27028286,daniel.gamarra@correo.unimet.edu.ve,4143014789,31/10/2020,UNIMET,Administración de Empresas,,,realiza proyecto con Rafael Sanabria
2021,Culminó,Daniela D`Ascoli,27588200, <d.daniela@correo.unimet.edu.ve>,(412) 364-9902,31/10/2020,UNIMET,Administración de Empresas,,,realiza Proyecto con Marina Villegas
2021,Culminó,Diego Gomez,27007914, <gomez.diego@correo.unimet.edu.ve>,4242804022,31/10/2020,UNIMET,Ingeniería Química,,,realiza Proyecto con Zhullmar Garcias
2021,Culminó,Diego Loynaz ,27038615,diego.loynaz@correo.unimet.edu.ve,4241649617,31/10/2020,UNIMET,Administración de Empresas,,,realiza Proyecto con Omar Kolster
2021,Culminó,Elena Vallenilla,27625013, <evallenilla@correo.unimet.edu.ve>,4241468225,31/10/2020,UNIMET,Ingeniería Química,,,realiza Proyecto con Silvia Raven
2021,Culminó,Emily Gomes ,24311019,emifgo@gmail.com,4241249266,30/1/2021,UNIMET,Psicología,,,realiza con Valentina Gómez
2021,Culminó,Erika Wehrmann,28052099, <erika.wehrmann@correo.unimet.edu.ve>,424-2194185,31/10/2020,UNIMET,Ingeniería Química,,,realiza Proyecto con Ana Paiva
2021,Culminó,Estefanny Blanco,26367959,es.blanco@correo.unimet.edu.ve,0212-256-5269,21/11/2020,UNIMET,Derecho,,,realiza Proyecto con Alina Condado
2021,Culminó,Isabella Pérez ,26996551,isabellaperezmendez@gmail.com,4263057195,30/1/2021,UNIMET,Psicología,,,realiza con Monica Urdaneta 
2021,Culminó,Jesus Nunez,26489483, <jesus.nunez@correo.unimet.edu.ve>,4242331630,31/10/2020,UNIMET,Administración de Empresas,,,realiza proyecto con Tulio Moron
2021,Culminó,José Ricardo Zambrano,28094082, <jzambrano@correo.unimet.edu.ve>,4145138697,31/10/2020,UNIMET,Ingeniería Mecánica,,, realiza con Santiago Alongi 
2021,Culminó,Manuel Alejandro Rojas Torrealba,27254389,<m.rojas@correo.unimet.edu.ve>,4142047758,31/10/2020,UNIMET,Administración de Empresas,,,realiza Proyecto con Ruth Khalil
2021,Culminó,Maria Gabriela Peraza,26386283,peraza.maria@correo.unimet.edu.ve,4241247673,30/1/2021,UNIMET,Contaduría Pública,,, lo realiza con Ireana Garcia 
2021,Culminó,Mariana Villegas ,26951743,mariana.villegas@correo.unimet.edu.ve,0414-2121676,31/10/2020,UNIMET,Psicología,,,realiza Proyecto con Daniela D Ascoli
2021,Culminó,Milenia Pina,27671315, <milenia.pina@correo.unimet.edu.ve>,4125535589,31/10/2020,UNIMET,Psicología,,,realiza Proyecto con carelis salas
2021,Culminó,Monica Urdaneta ,30114162,monica-urdaneta@hotmail.com,4149085668,30/1/2021,UNIMET,Psicología,,,realiza con Isabella Pérez 
2021,Culminó,Omar Kolster,27028835,okolster@correo.unimet.edu.ve,4241667045,31/10/2020,UNIMET,Derecho,,,realiza proyecto con Diego Loynaz
2021,Culminó,Rafael Sanabria ,27028282,rafael.sanabria@correo.unimet.edu.ve,4242553941,31/10/2020,UNIMET,Economía y Administración de Empresas,,,realiza proyecto con Daniel gamarra
2021,Culminó,Ruth Khalil ,27313357,ruth.khalil@correo.unimet.edu.ve,0412-9812454,31/10/2020,UNIMET,Ingeniería Química,12/11/2020,,Apoyo Bambi 3 y realiza proyecto con Manuel Rojas
2021,Culminó,Santiago Alongi ,27346906,santiago.alongi@correo.unimet.edu.ve,0414-1876093,31/10/2020,UNIMET,Ingeniería Eléctrica,,,realiza el proyecto con Jose Zambrano
2021,Culminó,silvia raven ,26915234,silviarvn@gmail.com,4242255851,31/10/2020,UNIMET,Ingeniería Mecánica,,,realiza con Elena Vallenilla
2021,Culminó,Tulio Moron,25833835, <tulio.moron@correo.unimet.edu.ve>,4245303871,31/10/2020,UNIMET,Ingeniería Mecánica,,,realiza proyecto con jesus nunes
2021,Culminó,Valentina Gómez,26967935,valentinadcgomez@gmail.com,4241217499,30/1/2021,UNIMET,Administración de Empresas,,,realiza con Emily Gomes 
2021,Culminó,Zhullmar Garcias ,28158966,z.garcias@correo.unimet.edu.ve,4142279489,31/10/2020,UNIMET,Ingeniería Química,,,realiza Proyecto con Diego Gomez
2021,Culminó,Ireana Garcia ,27.571.925,irex.vgv@gmail.com,0414-9089518,30/0121,UNIMET,Economía Empresarial,,, lo realiza con Maria Gabriela Peraza
2021,Culminó ,Jobana Bencomo,28 006 659,<jobanabencomo@gmail.com>,0414 – 174 09 93,24/4/2021,UCAB,Comunicación Social,13/9/2021,9/12/2021,ultimos documento enviados el 11/1/2022
2021,Culminó ,José Ramón González Peralta,25.213.859,jperaltaddk@gmail.com,4129903499,22/5/2021,UCAB,Comunicación Social,16/8/2021,19/11/2021,se le mnadaron los documentos el 22/12/2021
2021,Culminó ,Michelle Armada Navas,27.488.027,<michiarmada@gmail.com>,4242450912,24/4/2021,UCAB,Comunicación Social,13/9/2021,9/12/2021,ultimos documento enviados el 11/1/2022
2021,Culminó ,Oriana Barroso,27.103.979,ovbs99@gmail.com,4129300384,22/5/2021,UCAB,Comunicación Social,13/7/2021,30/11/2021,"se les mando correo 15/11/2021 para saber status, aun falta visita, reporte de horas y actividades por subir"
2021,Se Retiró,Esther Abigail Godoy Mendez,29.804.726,<estheraby11012@gmail.com>,4143269752,1/5/2021,Au Pair,,24/5/2021,,"Envió mensaje que estaba enferma. No apareció más, hasta que se le envió varios mensajes y dijo que lo pausaba hasta nuevo aviso porque se va a operar"
2021,Se Retiró,"Moises Abrahan Carrizo Bandres, ",26.217.369,moisesbandres12@gmail.com,0424-2400783/0424-1317579,21/11/2020,UCAB,Contaduría Pública,2/2/2021,,Estudiante inició Servicio Comunitario com estudiante UCAB pero se retiró de la Universidad y ingresó en la UCSAR. Como se encontraba realizando su actividad comunitaria en bambi mientras hizo el cambio de institución educativa se le valida sus horas igualmente pero la carta de Culminación se le hace dirigida a la UCSAR
2021,Se Retiró,Gabriel Planas,27.346.862,<wimnplanas@gmail.com>,4242148763,25/09/21,UCAB,Comunicación Social,,,Pidio retirarse por temas de no lograr concretar el compromiso
2021,Se Retiró,Laura Vanessa Cárdenas Briceño,27.246.328,lauravcb17@gmail.com,0424-1336147,10/7/2021,UCV,Fisioterapia,10/8/2021,,"conversó directamente con la Fisioterapeuta de Bambi, fue el primer día y llevó una compañera que no habia realizado inducción y quería incorporarla sin seguir los lineamientos, se le llamó la atención y decidió retirarse"
2022,Culminó,Maria Virginia Castillo,27028876,mariavirginiacastillo14@gmail.com  ,0414 2180403,10/7/2021,AVEPANE,,6/10/2021,21/1/2022,
2022,Culminó,Ana Gabriela Contreras Amaya,28.180.295.,<anagabrielacontrerasamaya94@gmail.com>,4261399393,14/5/2022,CUECMC,Enfermeria,25/5/2022,24/9/2022,
2022,Culminó,Arianna Torrealba,28.502.275,<ariannatorrealba69@gmail.com>,4143991460,14/5/2022,CUECMC,Enfermeria,30/5/2022,29/9/2022,"no vino desde el 5 de agosto que se le dio inicio, actualización 26/9 "
2022,Culminó,Bárbara Richel Sánchez ,28.547.300,<richelitta2309@gmail.com>,0424-285-42-16,14/5/2022,CUECMC,Enfermeria,6/6/2022,31/10/2022,lleva 50 horas al  4 de julio y va como programado
2022,Culminó,Lady Lorena Torres Sandoval,19684257,<ladylorena90@gmail.com>,4125955854,14/5/2022,CUECMC,Enfermeria,24/5/2022,29/9/2022,
2022,Culminó,Milangely Vanessa Pita Villamizar,30.057.816,<pitaamilangely1512@gmail.com>,4241388066,14/5/2022,CUECMC,Enfermeria,3/6/2022,24/10/2022,lleva 17 horas al  4 de julio y va como programado
2022,Culminó,Sahíra Lissette Zambrano Campo,.25.891.961.,<sahiralissette@gmail.com>,0414-269-79-95,14/5/2022,CUECMC,Enfermeria,31/5/2022,14/12/2022,
2022,Culminó,Dayana Carolina Correa Delgado,24.217.948,dayacorread@gmail.com,4242815683,5/3/2022,IDLM,Publicidad y mercadeo,6/7/2022,6/7/2022,
2022,Culminó,Francisco Javier Da Silva Delgado,29.706.747,fdasilvadelgado@gmail.com,4140266432,5/3/2022,IDLM,Publicidad y mercadeo,6/7/2022,6/7/2022,
2022,Culminó,Bárbara Patrizia Coppola Franco,29.662.260,barbaraeniudlm@gmail.com,4241822420,5/3/2022,IDLM,Publicidad y mercadeo,6/7/2022,6/7/2022,
2022,Culminó,Ramón Alejandro Navarro Nieves,28.310.402,ramonnavarron16@gmail.com,4123644957,16/7/2022,IDLM,Diseño Gráfico,19/10/2022,24/10/2022,
2022,Culminó,Oriana Gabriela Rivas Montes,29.741.681,<oririvas08@gmail.com>,0424-1306576,16/7/2022,IDLM,Diseño Gráfico,24/10/2022,21/10/2022,
2022,Culminó, Ariadna Dayari Tovar Durán,28.053.277,tovarariadna@gmail.com ,4129000803,11/12/2021,UCAB,Administración de Empresas,3/2/2022,18/5/2022,ultimos documentos enviados jueves 9/6/2022
2022,Culminó,Alejandro Mendes,27.600.035,alejandromp2605@gmail.com,0412-609-7168,25/9/2021,UCAB,Administración de Empresas,8/11/2021,22/4/2022,
2022,Culminó,Alessandra Paredes Angelisanti,28101622,aparedes.angelisanti@gmail.com,4242656847,14/5/2022,UCAB,Administración de Empresas,30/5/2022,6/12/2022,
2022,Culminó,Andrea Rodríguez Rojas,28484282,avr9101@gmail.com,4242194012,5/3/2022,UCAB,Administración de Empresas,5/4/2022,8/8/2022,
2022,Culminó,Bárbara Gabriela Pérez Carrillo,27475806,barbaracrrl20@gmail.com,0424-1259458,1/2/2022,UCAB,Administración de Empresas,14/2/2022,18/5/2022,ultimo documento el 17/6/2022
2022,Culminó,Beatriz Andrea Gil Ocampo,26967286,gil.beatriz19@gmail.com,4242720676,5/3/2022,UCAB,Administración de Empresas,31/3/2022,3/8/2022,
2022,Culminó,Carlos Bastidas,27795016,<cdbastidas24@gmail.com>,0424 731 48 21,25/9/2021,UCAB,Administración de Empresas,14/10/2021,17/2/2022,
2022,Culminó,Daniela Valentina Molina Gavidia,28481937,dvalentinaamg@gmail.com,4241137153,5/3/2022,UCAB,Administración de Empresas,4/5/2022,,correo de recordatorio 23/3/2022
2022,Culminó,Dayana De Freitas Andrade,28101676,dayanadefreitas14@gmail.com,4140188677,14/5/2022,UCAB,Administración de Empresas,13/6/2022,14/10/2022,ultimo documento el 14/10/2022
2022,Culminó,Gabriel Enrique Castrillo Rosales,27488725,Gabriel.castrillo52@gmail.com,4122117141,14/5/2022,UCAB,Administración de Empresas,30/5/2022,9/12/2022,
2022,Culminó,Juan Ignacio Raybaudi Massilia Martin,27111552,Juanignacioraybaudi@gmail.com,0414-0287076,5/3/2022,UCAB,Administración de Empresas,1/6/2022,13/9/2022,ultimo documento el 13/10/2022
2022,Culminó,Óscar Hernandez Prado ,26.958.833,<olhernandez.17@est.ucab.edu.ve>,4142813417,22/5/2021,UCAB,Administración de Empresas,30/11/2021,9/9/2022,"OJO Vive en Lechería Edo Anzoateguí. Se le informó en la inducción que debía participar directamente en la visita. quiere realizar SC con estudiante Frank Esposito de Economia luego escribió correo informando que lo realizará solo; no responde con la ficha desde el 1 de septiembre, se le mando ultimo correo para status el 28 de septiembre, Reaparece para realizar su SC y afirmar que puede realizar su apoyo semi-presencial el 30 de Noviembre. Se le dio inicio, pero aun no monta los videos. Reaparecio para brindar las formaciones. se le notifico documentos faltantes, aparece el 9 de septiembre para entregar sus reporetes de horas, se le notifica que la escuela toma la decisión si lo acepta o no. ultimo documento de evaluación e informe el 3/10/2022"
2022,Culminó,Sarah Jeritson,27.130.607,sarahjeritson@gmail.com,4149905433,25/9/2021,UCAB,Administración de Empresas,14/10/2021,17/2/2022,se envió informe firmado el 03/03/22
2022,Culminó,Valentina Fabiana De Sousa Da Silva,27857039,valendesousads@gmail.com,4241672560,14/5/2022,UCAB,Administración de Empresas,13/6/2022,19/9/2022,ultimo documento el 3/10/2022
2022,Culminó,Paola Valentina Bastidas Antillano,26.334.953,<pvbastidas.17@est.ucab.edu.ve>,0414-0188777,22/5/2021,UCAB,Ingeniería Telecomunicaciones,30/7/2021,31/1/2022,Falta informe 
2022,Culminó,Natasha Carolina Di Girolamo Jamboos,2.673.920,<n.digirolamo99@gmail.com>,0414-2625660,22/5/2021,UCAB,Ingeniería Telecomunicaciones,30/7/2021,31/1/2022,Falta informe 
2022,Culminó, Kamila González,26194503,kamila1997.kg@gmail.com,4142149722,25/9/2021,UCAB,Ingeniería Industrial,4/11/2021,7/6/2022,
2022,Culminó,Suez Montes Rodríguez,25258229,Suezrodriguez24@gmail.com,0412-9849293,11/12/2021,UCAB,Ingeniería Industrial,11/2/2022,15/7/2022,
2022,Culminó,Wenderly Bustos,29.504.542,wenderlybustos7@gmail.com,4122127322,5/3/2022,UCAB,Relaciones Industriales,31/3/2022,15/7/2022,
2022,Culminó,Kelia Maloa Figueroa,26352085,  keliamaloa@gmail.com   ,4241737889,25/9/2021,UCV,Administración de Empresas,10/12/2021,18/3/2022,
2022,Culminó,Daniel Jesús Vieira González,26272390,<danielvieiucv@gmail.com>,0424-1154220,14/5/2022,UCV,Computación,1/7/2022,10/11/2022,se firmo informe el 01/12/22
2022,Culminó,Diego Sánchez,26334929,diegosandmg@gmail.com,4140219151,28/3/2022,UCV,Computación,4/4/2022,7/7/2022,
2022,Culminó,Eduardo Enrique Suarez Castro,25641651,<eduardosuarez.ucv@gmail.com>,4242765180,14/5/2022,UCV,Computación,1/7/2022,10/11/2022,se firmo informe el 06/12/22
2022,Culminó,Jaime Herrera ,20827206,<jaimejosehp@gmail.com>,4242280913,21/11/2020,UCV,Química,9/8/2021,9/11/2021,ultimo documento enviado el viernes 30/1/2022 por que no era el formato que proporciono el estudiante
2022,Culminó,Laura Zambrano,26818328,<laurac3108@gmail.com>,0412-7203550,16/7/2022,UCV,Computación,21/7/2022,1/12/2022,faltan documentos finales 
2022,Culminó,Maryam Calles,26475765,<mcalles5c@gmail.com>,0414-2414904,10/7/2021,UCV,Computación,12/5/2022,12/9/2022,
2022,Culminó,Alondra Fernandez,27.597.091,<alondrafernandez2020@gmail.com>,424132242,25/9/2021,UCV,Derecho,31/1/2022,30/5/2022,Realizó presentación sobre derecho vivir en Familia y derecho a la vida. culmina el 6 de junio
2022,Culminó,Angel Barrios,25601608,<angelbarrios090297@gmail.com>,0424-152-15-93,5/3/2022,UCV,Derecho,6/4/2022,6/7/2022,
2022,Culminó,Catherin Valentina Perdomo Castro,27.833.383,<cateti02@gmail.com>,4242427076,11/12/2021,UCV,Derecho,25/1/2022,26/4/2022,
2022,Culminó,Cindy Daniela Guerrero Anchundia,30375712,cindyguerrero1304@gmail.com,4241435930,14/5/2022,UCV,Derecho,24/5/2022,13/9/2022,
2022,Culminó,Cleiber Melendez   ,15.738.039,cleiber1982@gmail.com,0412-7133296,14/5/2022,UCV,Derecho,29/7/2022,29/10/2022,debe entregar presentación 29/08/22
2022,Culminó,Corina Tortosa,28126328,<tortosacorina@gmail.com>,4242358073,11/12/2021,UCV,Derecho,25/1/2022,30/5/2022,
2022,Culminó,Crismarys Nazareth Cedeño Jiménez,26847478,<crismarys478@gmail.com>,4249647770,16/7/2022,UCV,Derecho,12/9/2022,20/12/2022,
2022,Culminó,Daniel Arturo Cote Suárez,24530948,<danielcote96@gmail.com>,4141503959,14/5/2022,UCV,Derecho,6/6/2022,13/9/2022,debe enviar una propuesta para ir un día posterior al 5 de sep que es cuando cumple los 3 meses
2022,Culminó,Daniela del Carmen Malave Mendez,28.102.235,<dmalavem1999@gmail.com>,4142151745,5/3/2022,UCV,Derecho,15/3/2022,5/9/2022,
2022,Culminó,Dilan Augusto Nariño Codallo,26.741.606,<dilanarino17@gmail.com>,(0424)837.69.72,11/12/2021,UCV,Derecho,13/1/2022,5/5/2022,
2022,Culminó,Duleixis del Valle Ybarra Silva,16022418,duleixis1@gmail.com,0412-9811631,16/7/2022,UCV,Derecho,5/8/2022,10/12/2022,culmina 11 de noviembre le faltan 14 horas por planificar
2022,Culminó,Edwing Alberto Vitales Ceballos,26255594,edwingalvice@gmail.com,4120306547,16/7/2022,UCV,Derecho,28/7/2022,28/10/2022,Se entregó antes informe y carta aval firmado porque el sistema de la universidad cierra el 29 octubre
2022,Culminó,Edyrelis Guzmán,25218858,edirelis_03@hotmail.com,(0426) 3148504,14/5/2022,UCV,Derecho,7/7/2022,7/10/2022,
2022,Culminó,Eliomer Alejandro Morillo Briceño,17509833,morillob.e@gmail.com,0412-8168151,16/7/2022,UCV,Derecho,9/9/2022,9/12/2022,
2022,Culminó,Emely Ávila,25.565.813,<emelyavila1996@gmail.com>,4126601133,11/12/2021,UCV,Derecho,7/1/2022,6/5/2022,
2022,Culminó,Erick Gabriel Barrera Méndez,26040174,erickosgblr@gmail.com,4123685636,10/7/2021,UCV,Derecho,4/2/2022,16/7/2022,
2022,Culminó,Erika Johana Matos Vivas,16659491,<jhnvivas@gmail.com>,0414-1710577,16/7/2022,UCV,Derecho,26/7/2022,27/10/2022,
2022,Culminó,Fernando López Riera,27.755.953,<fernandojavi01z@gmail.com>,0416-816-2710,10/7/2021,UCV,Derecho,6/10/2021,6/1/2022,
2022,Culminó,Gerardo Salazar,27.222.500,<gerardosalazar6500@gmail.com>,4129962764,30/1/2021,UCV,Derecho,7/10/2021,27/1/2022,
2022,Culminó,Grachy Del Jesús Camones Parejo,27441599,grachicamones@gmail.com,4162399218,11/12/2021,UCV,Derecho,7/1/2022,22/4/2022,
2022,Culminó,Javier José Espinoza Amaricua.,26.590.089.,<espinozajavier024@gmail.com>,0412-291-0425.,25/9/2021,UCV,Derecho,18/10/2021,23/2/2022,
2022,Culminó,Jeison García Palacios,26.528.633,jeisongarcia0328@gmail.com,(0424) 134-1682,10/7/2021,UCV,Derecho,4/8/2021,13/1/2022,
2022,Culminó,Jesús Ortiz,27207069,alberortiz19@gmail.com,4124678772,10/7/2021,UCV,Derecho,30/8/2021,1/12/2021,falta informe y carta aval
2022,Culminó,Jhoalbert González,26.456.834,<jhoalbertgonzalez@gmail.com>,0412-7896992,14/5/2022,UCV,Derecho,3/6/2022,5/9/2022,
2022,Culminó,Jhon Conquista,27742659,jhonconquista98@gmail.com,4242392775,14/5/2022,UCV,Derecho,28/6/2022,29/9/2022,
2022,Culminó,John David Vásquez Garcia,26.868.034,johndvg2@gmail.com,(0424)- 299-86-19,14/5/2022,UCV,Derecho,24/5/2022,26/8/2022,
2022,Culminó,Jorgelis Lugo,26.327.651,<jorgelis02@gmail.com>,4125818782,16/7/2022,UCV,Derecho,18/8/2022,15/12/2022,
2022,Culminó,Juan José Sanabria Parra,10545954,<juanj.sanabria@gmail.com>,0424 1447061,11/12/2021,UCV,Derecho,24/1/2022,8/6/2022,
2022,Culminó,Karisma Mijares,25.482.835,<karisma.celular@gmail.com>,0416-196-77-38,11/12/2021,UCV,Derecho,18/1/2022,10/5/2022,
2022,Culminó,Lady Meriño,27.467.988,<merinolady0@gmail.com>,0412-3739288,16/7/2022,UCV,Derecho,5/8/2022,7/11/2022,
2022,Culminó,Lisbeth Yuliana Fernández Oropeza,26597370,lisbethfernandez210399@gmail.com,4143223606,11/12/2021,UCV,Derecho,4/2/2022,20/5/2022,
2022,Culminó,Liselotte Orianna Arredondo Agüero,24.463.259,<liselottearredondo@gmail.com>,04140311015 / 04127072698,16/7/2022,UCV,Derecho,16/8/2022,24/11/2012,
2022,Culminó,Lorena Del Carmen Oropeza Misler,27.515.580,<lorenadelcarmenom@gmail.com>,0424-1379427,25/9/2021,UCV,Derecho,15/10/2021,25/3/2022,
2022,Culminó,Ludwing Manuel Omar Contreras Sánchez,18609588,lmocs23@gmail.com,0414-048.09.90,16/7/2022,UCV,Derecho,27/7/2022,28/10/2022,
2022,culminó,Luis Urbina,26819130,siul_0398@hotmail.com,4143986654,25/9/2021,UCV,Derecho,26/10/2021,26/1/2022,
2022,Culminó,Mª Betania Rodriguez Hernandez,24.073.413,<betarh16@gmail.com>,4141117116,5/3/2022,UCV,Derecho,24/3/2022,27/6/2022,
2022,Culminó,Manuel Márquez Arana ,27240399,<manuelmarquezarana1@gmail.com>,4148413272,14/5/2022,UCV,Derecho,8/6/2022,13/9/2022,
2022,Culminó,María Vanessa Contreras García,24724658,mavacg21@gmail.com,4142120273,25/9/2021,UCV,Derecho,22/10/2021,16/2/2022,
2022,Culminó,Mariana Carolina Civitillo Hernández,25.001.561,<marianacivitillo1@gmail.com>,4125423323,14/5/2022,UCV,Derecho,2/6/2022,14/9/2022,EL 23/05/22 SE LE EMITIÓ CONSTANCIA PARA PERMISO LABORAL. culmina mediados septiembre 
2022,Culminó,Mariangel Evaristo Gutiérrez,10634249,eva.evaristo@gmail.com,(0424) 1959240,14/5/2022,UCV,Derecho,1/6/2022,2/9/2022,
2022,Culminó,Marilin Vega,27.207.184,marilinbevega21@gmail.com,0414-3114632,22/5/2021,UCV,Derecho,29/7/2021,4/3/2022,
2022,Culminó,Mirna Desiree Quintana Quintana,27807435,<mirnaquintana5@gmail.com>,4123606706,5/3/2022,UCV,Derecho,17/3/2022,17/6/2022,
2022,Culminó,Norelis de Jesus Rondón Arguinzonez,27225723,nore.dj28@gmail.com,(0424) 1497068,14/5/2022,UCV,Derecho,7/7/2022,7/10/2022,
2022,Culminó,Omarys José Goyo Hernández,26.044.342,omarysgoyo@gmail.com,4242773559,25/9/2021,UCV,Derecho,12/11/2021,2/6/2022,
2022,Culminó,Paola Morales,24843778,<paola23ferrer@gmail.com>,04242644199 / 02125505584,10/7/2021,UCV,Derecho,10/9/2021,18/2/2022,
2022,Culminó,Pedro Jesús Castro Castillo,25845726,pjesuscastro1809@gmail.com,04267370562 / 04241507516,16/7/2022,UCV,Derecho,10/8/2022,23/11/2022,
2022,Culminó,Raynero José Aponte Rodríguez,26.271.508,aponte.raynero.uenla@gmail.com,04123660798 (WhatsApp)/ 04241727994,5/3/2022,UCV,Derecho,22/3/2022,23/6/2022,
2022,Culminó,Rhayner Henrique Quijada Pernalete,24181048,rhaynerquijada@gmail.com,4242050417,25/9/2021,UCV,Derecho,1/11/2021,14/2/2022,"se le envió registro de horas, va acorde a lo planificado"
2022,Culminó,Roangel Simón de Jesús ojeda merida,26454768,Roangel2895.ucv@gmail.com,no tiene,10/7/2021,UCV,Derecho,7/9/2021,7/3/2022,
2022,Culminó,Ruth Yenerbi Velandria Briceño,25.578.925,<ruthvelandria1997@gmail.com>,4141741637,16/7/2022,UCV,Derecho,19/7/2022,19/10/2022,
2022,Culminó,Schnayder Mata,26152138,schnaydercabello@gmail.com,4143776802,22/5/2021,UCV,Derecho,7/9/2021,16/3/2022,
2022,Culminó,Shaury Urimare Reyes Escobar,26763892,Shauryureyese@gmail.com,4123783901,10/7/2021,UCV,Derecho,3/9/2021,13/12/2021,
2022,Culminó,Sherley Sirinosky Basanta Rujano,27.794.705,<sherleybasanta@gmail.com>,0412.277.99.47,5/3/2022,UCV,Derecho,17/3/2022,28/7/2022,culmina a finales de junio
2022,Culminó,Skarlett Genesis Rojas Mora,"22,035886",<gekarle232@gmail.com>,0426-412-35-78,11/12/2021,UCV,Derecho,20/1/2021,12/5/2022,
2022,Culminó,Steefani Henriquez,26774611,steefani.mhenriquez@gmail.com,4241345312,25/9/2021,UCV,Derecho,14/10/2021,24/2/2022,
2022,Culminó,Tania Tamara López Aray,27.476.299,tlopezaray@gmail.com,4264191359,30/1/2021,UCV,Derecho,11/6/2021,3/2/2022,estudiante iba iniciar el 28 mayo y realmente inició el 11 de junio
2022,Culminó,Thamara Leticia Villanueva Maldonado ,25. 847.864,thamyvilla95@gmail.com,4143971815,10/7/2021,UCV,Derecho,11/10/2021,20/5/2022,cambio apoyo sociolegal por presentación sobre art 32 LOPNNA entregó el 03/03/22. Material deficiente
2022,Culminó,Unai Berecibar Quintana,26.747.537,unaiberecibar@gmail.com,Tel. 04241955742,11/12/2021,UCV,Derecho,19/1/2021,20/4/2022,realizó material de buen trato articulo 32.entregado 30marzo2022. Debe realizar su última visita el 20 abril y culmina
2022,Culminó,Vanessa Ochoa,26299157,<vochoa895@gmail.com>,4140538341,11/12/2021,UCV,Derecho,20/1/2021,22/4/2022,
2022,Culminó,Verónica Bertorelli,27.569.615,<verobelli11@gmail.com>,0426-2165256,25/9/2021,UCV,Derecho,8/11/2021,10/2/2022,
2022,Culminó,Yarida Álvarez ,10625596,<yadira.legna.alvarez@gmail.com>,4142277573,14/5/2022,UCV,Derecho,26/5/2022,26/8/2022,
2022,Culminó,Yenny Coromoto Rojas Garcia,11033947,yenny_rojas72@hotmail.com,0412.603.3003,16/7/2022,UCV,Derecho,25/7/2022,28/10/2022,debe entregar presentación 25/08/22. Se entregó antes informe y carta aval firmado porque el sistema de la universidad cierra el 29 octubre
2022,Culminó,Yonkedy Enrique Alvarado Figueroa,27798189,<yonke258@gmail.com>,(0424)1741308,16/7/2022,UCV,Derecho,5/8/2022,10/11/2022,
2022,Culminó,Yoselis Gómez Pérez,23160704,yoselingomez2015@gmail.com,(0412) 2216328,14/5/2022,UCV,Derecho,14/7/2022,16/10/2022,
2022,Culminó,Yusneidi Gonzalez,26498830,yusneidigonzalez3006@gmail.com,4120189492,16/7/2022,UCV,Derecho,27/7/2022,27/10/2022,Realizó Presentación sobre derecho humanos para Dayanu Sánchez
2022,Culminó,David Arbelaez,84560178,davidearamirez@gmail.com,4141197086,11/12/2021,UCV,Enfermeria,27/1/2022,26/4/2022,
2022,Culminó,Verónica Andreína Vergara Alfonzo,26.902.648,veroandrein@gmail.com,04263058605/04143691355,11/12/2021,UCV,Enfermeria,28/1/2022,8/4/2022,se le mando la constancia de horas por que no podia terminar en el tiempo reglamentario
2022,Culminó,María Daniela Garcés González,27.450.049,maria.daniela.garces@gmail.com,4265193340,25/9/2021,UCV,Psicología,18/1/2022,20/4/2022,debe enviar informe final
2022,Culminó,Jennifer Andreina Malavé Bruzual,24740499,jenn061996@gmail.com,4122932846,25/9/2021,UCV,Psicología,1/2/2022,6/5/2022,
2022,Culminó,Maria Lismar Garcia Ricart,23.635.757,Ricart.1093@gmail.com,(0412)5943197 (0212)4310304,25/9/2021,UCV,Psicología,25/1/2022,28/4/2022,
2022,Culminó,Selenia Montilla,26.881.332,<sele57227@gmail.com>,4242479019,25/9/2021,UCV,Psicología,18/1/2022,20/4/2022,
2022,Culminó,María Milagros Marín Prada,25.392.211,mariamila.marinprada@gmail.com,4141740803,25/9/2021,UCV,Psicología,18/1/2022,20/4/2022,debe enviar informe final
2022,Culminó,Gabriela Estefanía Mijares Rivera,26.682.864,gabymijares73@gmail.com,4241930856,5/3/2022,UCV,Psicología,25/5/2022,14/9/2022,realizaron entrevista con coordinadora de psicología y están a la espeera de la aprobación de su proyecto por la escuela según correo 25 abril. Se le envió correo 9 mayo para saber estatus
2022,Culminó,Kimberly Dayana Martinez Gonzalez,"23693416,00",<kdmg1994@gmail.com>,4142612711,5/3/2022,UCV,Psicología,25/5/2022,14/9/2022,realizaron entrevista con coordinadora de psicología y están a la espeera de la aprobación de su proyecto por la escuela según correo 25 abril. Se le envió correo 9 mayo para saber estatus
2022,Culminó,Carlos Alberto Niño Boscan,"24090826,00",carlos.a.nino.b@gmail.com,4248539053,5/3/2022,UCV,Psicología,9/5/2022,16/9/2022,realizará continuidad de SC actual. Se le envío hoja Excel
2022,Culminó,Sheila Suan Cruces Guerra,"24707915,00",sheilaswanni93@gmail.com,Teléfono: 04125884067.,5/3/2022,UCV,Psicología,9/5/2022,16/9/2022,realizará continuidad de SC actual. Se le envío hoja Excel
2022,Culminó,Leisa Godoy,"23691476,00",<leisagodoyf@gmail.com>,4142760644,5/3/2022,UCV,Psicología,9/5/2022,16/9/2022,realizará continuidad de SC actual. pero informará en julio 2022
2022,Culminó,Angelo Colmenares,"23607127,00",angelocolmenares27@gmail.com,4143248319,5/3/2022,UCV,Psicología,9/5/2022,16/9/2022,realizará continuidad de SC actual. Se le envío hoja Excel
2022,Culminó,Camila Alayón,28.255.565,alayonsc@gmail.com,4143116315,25/09/21,UMA,Comunicación Social,4/11/2021,2/2/2022,
2022,Culminó,Camila Trujillo,"28328061,00",<ctrujillo_2024cs@alumno.uma.edu.ve>,0424-2451515,25/09/21,UMA,Comunicación Social,28/10/2021,2/2/2022,
2022,Culminó,Gabriela Naranjo,28.484.600,<gabynaran1@gmail.com>,0424-235-2262,25/09/21,UMA,Comunicación Social,7/10/2021,2/2/2022,
2022,Culminó,Gloria Patricia Tirado Perez,"28317990,00",<gtirado_2024cs@alumno.uma.edu.ve>,4242799611,25/09/21,UMA,Comunicación Social,7/10/2021,2/2/2022,
2022,Culminó,Paola Guillen,"28158845,00",pvgc.27.12@gmail.com ,4143830373,25/09/21,UMA,Comunicación Social,28/10/2021,3/2/2022,
2022,Culminó,Rebecca Bravo,28.472.728,rbravo_2024cs@alumno.uma.edu.ve,0412-9000064,25/09/21,UMA,Comunicación Social,28/10/2021,2/2/2022,
2022,Culminó,Renzo Lombardi,"28007062,00",rlombardi_2024cs@alumno.uma.edu.ve,4129385155,25/09/21,UMA,Comunicación Social,14/10/2021,2/2/2022,
2022,Culminó,Valentina Abreu,28.472.895,vabreu_2024cs@alumno.uma.edu.ve,0424-2443554,25/09/21,UMA,Comunicación Social,28/10/2021,2/2/2022,
2022,Culminó,Valentina Vanini,28.180.570,vvannini_2024cs@alumno.uma.edu.ve,4142622720,25/09/21,UMA,Comunicación Social,14/10/2021,3/2/2022,
2022,Culminó,Ana Morantes,27.487.633,ana.morantes.victoria@gmail.com,4129260535,01/02/22,UNIMET,Derecho,,,
2022,Culminó,Anaís Rojas,27.235.912,anaisandrearojas2000@gmail.com,4127146765,01/02/22,UNIMET,Derecho-Estudios Liberales,,,
2022,Culminó,Antonio Faloppa,29.737.585,afaloppa@correo.unimet.edu.ve,0414-545-7846,,UNIMET,Ingeniería Civil,,,
2022,Culminó,Carla De Sousa,27.625.162,carla.desousa@correo.unimet.edu.ve,4141101964,01/02/22,UNIMET,Psicología,,,
2022,Culminó,Catherine Crispo ,27.670.146,c.crispo@correo.unimet.edu.ve,4143296928,01/02/22,UNIMET,Ingeniería Química,,,
2022,Culminó,Daniela Taborda,"28434262,00",daniela.taborda@correo.unimet.edu.ve,0424 2465164,01/02/22,UNIMET,Ingeniería Química,,,
2022,Culminó,Gustavo Bohórquez,27.818.353,gustavobohorquez1@gmail.com,0412-5535746,01/02/22,UNIMET,Ingeniería Mecánica,,,
2022,Culminó,Isabel García,24.933.241,isabel.garcia@correo.unimet.edu.ve,4142362773,01/02/22,UNIMET,Psicología,,,
2022,Culminó,Isabella  Lapenta,27.198.293,isabella.lapenta@correo.unimet.edu.ve,4149506416,01/02/22,UNIMET,Psicología,,,
2022,Culminó,Jennifer Tabban,"28052281,00",jennifer.tabban@correo.unimet.edu.ve,4149082052,01/02/22,UNIMET,Psicología,,,
2022,Culminó,Laura Lander,27.246.930,laura.lander@correo.unimet.edu.ve,424-2567669,01/02/22,UNIMET,Ingeniería Química,,,
2022,Culminó,Lorena Salcedo,"27624366,00",lorena.salcedo@correo.unimet.edu.ve,4265366888,01/02/22,UNIMET,Psicología,,,
2022,Culminó,María Alejandra Martínez,28.472.058,mari14martinez@gmail.com,4142104474,01/02/22,UNIMET,Ingeniería Civil,,,
2022,Culminó,María Antonieta Fernández,28.155.518,28155518@correo.unimet.edu.ve,4242444110,01/02/22,UNIMET,Psicología,,,
2022,Culminó,Mariangel Brazao,28.317.767,mariangelandreina1@gmail.com,0424-2448904,01/02/22,UNIMET,Psicología,,,
2022,Culminó,Paola Dagnino,"30062686,00",paola.dagnino@correo.unimet.edu.ve,4141639136,01/02/22,UNIMET,Psicología,,,
2022,Culminó,Ramón Andrade,"21291399,00",ramonandrade94@gmail.com,4123280194,01/02/22,UNIMET,Administración de Empresas,,,
2022,Culminó,Tomás Páez,"25991572,00",tomypae@gmail.com,4142574772,01/02/22,UNIMET,Psicología,,,
2022,Culminó,Andrea Guevara,27.319.929,<andrea.guevara@correo.unimet.edu.ve>,4125798583,04/05/22,UNIMET,Ingeniería,,,
2022,Culminó,Astrid Vargas,27.863.241,<astrid.vargas@correo.unimet.edu.ve>,0424-3384348,04/05/22,UNIMET,Administración de Empresas,12/5/2022,,
2022,Culminó,Diego Diaz ,26.064.115,<diego.diaz@correo.unimet.edu.ve>,4141116505,04/05/22,UNIMET,Ingeniería,26/5/2022,,
2022,Culminó,Jessica ElChaer,26.975.007,<jessica.elchaer2017@correo.unimet.edu.ve>,0424-9339605,04/05/22,UNIMET,Administración de Empresas,18/5/2022,,
2022,Culminó,Marta Marzocca ,27.264.767,<m.marzocca@correo.unimet.edu.ve>,4146072436,04/05/22,UNIMET,Derecho-Estudios Liberales,18/5/2022,,
2022,Culminó,Maria Giraldo ,26.734.960,<maria.giraldo@correo.unimet.edu.ve>;,0412-9656583,04/05/22,UNIMET,Ingeniería Química,1/6/2022,,
2022,Culminó,Mercedes De Julios ,26.523.951,<mdejulios@correo.unimet.edu.ve>;,0424-1190803,04/05/22,UNIMET,Administración de Empresas,12/5/2022,,
2022,Culminó,Michell Caballero,"26861792,00",c.michell@correo.unimet.edu.ve,4143343899,01/02/22,UNIMET,Psicología,27/5/2022,,
2022,Sin Iniciar,Johana Del Carmen Madriz Bracho,27240931,<janamadriz@gmail.com>,0412-0128480,11/12/2021,UCV,Derecho,9/3/2022,,envió correo el 8/03/22 diciendo que estaba embarazada y que retomaría despues que el bebe naciera.
2022,Sin Iniciar,Leisbeth Rosanmar Berríos González,26.964.296,<leisbethberrios@gmail.com>,4122017416,14/5/2022,UCV,Derecho,,,estudiante realizó unas horas en otro proyecto de la universidad pero quiso cambiarse. En espera de autorización de la universidad para enviarle cuadro Excel para que proponga su apoyo
2022,Suspendido,Jordelys Quijada,26.427.988,<jordelysqh@gmail.com>,0414 275 7204,25/9/2021,UCV,Derecho,15/10/2021,,"estudiante tuvo incidente en Bambi 3, se desaparecio $60 de su bolso, que habia dejado fuera de locker. Luego escribió en redes difamacion de la institución. Se le dio la oportunidad de culminar los días jueves con la Sra. Ely Pachano. cuando reinicio el 27 enero tuvo actitud altanera y se decidió suspenderla. se envió correo a la Unidad de Servicio Comunitario el 27/01/22. Se envía rconstancia de horas realizadas"
2022,Suspendido,Sara Luna sanchez,26.958.425,saralunasanchez@gmail.com,0424-8650620,10/7/2021,UCV,Derecho,12/8/2021,25/3/2022,"estudiante problematica y embarcadora... se ha negociado varias veces desde agosto. Al no realizar el apoyo en el área legal se le propuso realizar un material para el área sociolegal, qued´en enviar propuesta sobre este tema y no lo ha realizado. se le dio feca tope 11 de marzo. hizo horas de apoyo hasta 18 de febrero y luego no volvió. Notiene mas horas propuestas, debe enviar. Pero esta estudiante debe terminar en marzo, de lo contrario se envía el caso a la UCV. No entregó presentación no asistió los días acordados, ya son muchas faltas por lo que se suspedió, se le hizp constancia de horas, no puede culminar en Hogar Bambi."
2022,suspendido,Luis Humberto Molina,8707733,<pbroluishm@gmail.com>,4142787041,14/5/2022,UCV,Derecho,6/6/2022,,"estudiante incumplió el primer día en actividad especial. se le permitió iniciar, pero tuvo muchos problemas en Bambi 4 y el 14 de junio se le envió correo para suspenderlo"
2022,suspendido,Nicolas Morales Serrano,3247099,samorse456@gmail.com,(0412) 466 3767,29/10/2022,UCV,Derecho,16/11/2022,,"estudiante llegó el dia del inicio a Bambi 3 y se negó a realizar la actividad de apoyo logistico, manifestando que solo desea ofrecer apoyo en el área sociolegal. Esto fue reportado a la unidad de Servicio Comunitario y se procedió a suspender a este estudiante, ya que es una persona mayor que es complicado para seguir lineamientos."
2023,Culminó,Giulianna Lucero,30.030.562,giuliannaluceroacosta@gmail.com,4241219008,10/6/2023,Au Pair,,4/7/2023,27/11/2023,se le envió la planilla de Global Exchange llena y firmada el 06/12/23
2023,culminó,Arodis Rivero,28.484.110,arodissarahi2000@gmail.com,(0412) 725.8288,16/7/2022,AVAA Proexcelencia,,1/8/2022,26/1/2023,"el 5 de julio le dio covid hasta 20 hulio estará de reposo, le faltan horas"
2023,culminó,Rosmar Rodrigo,"29580646,00",Rosmar Rodrigo <rosmarvictoria@gmail.com>,4128095697,29/4/2023,AVAA Proexcelencia,,30/5/2023,9/10/2023,
2023,Culminó,Eumi Fernández ,28.524.694,heumary25@gmail.com,4241442310,17/11/2022,CUECMC,Enfermeria,17/1/2023,21/4/2023,
2023,Culminó,Joselyn Betania Ruíz De Martínez,27.753.178,Nylesojziur18@gmail.com,0412-396-44-03,17/11/2022,CUECMC,Enfermeria,18/1/2023,22/4/2023,
2023,Culminó,Neljy del Valle Ramírez Bolívar,"10671345,00",Neljy Ramírez <neljyramirez7@gmail.com>,4127426725,29/4/2023,CUECMC,Enfermeria,31/5/2023,11/10/2023,"la joven tenía que haber dado charlas en septiembre en el área de enfermería como no lo hizo, se le pidió que planificara 24 horas de apoyo directo."
2023,Culminó,Ayleen Patricia Medina Hernández.,29.571.979,ayleenpatriciamedina@gmail.com,0424-155-6210,29/10/2022,IDLM,Publicidad y mercadeo,5/12/2022,27/4/2023,
2023,Culminó,Valentina Fajardo Aponte,29.965.305,valentinafa09@gmail.com,0412-2088537,4/3/2023,IDLM,Diseño Gráfico,24/4/2023,21/7/2023,
2023,Culminó,Dágmar Salazar,"29947904,00",dagsamira@gmail.com,4125720618,4/3/2023,IDLM,Diseño Gráfico,15/5/2023,4/10/2023,"no asistio a la reunión de revisión del proyecto, llevarle seguimiento, apoyo de diseños de flyer de Labor social, servicio comunitario y voluntariado para Whastapp Bussines "
2023,Culminó,Angel Alfredo Veliz Gomes,27.343.580,Angel Veliz <veliz551@gmail.com>,0412-571-0842,29/4/2023,UCAB,Administración de Empresas,3/7/2023,9/10/2023,
2023,culminó,Christian Andre Vegas Pieter,"26250824,00",Christian Andre Vegas Pieter <cavegas.19@est.ucab.edu.ve>,0424-155.81.01,29/10/2022,UCAB,Administración de Empresas,26/4/2023,26/7/2023,"escribio el 8/3/2023 para notificar si puede realizar el apoyo despues de casi 5-6 meses de ausencia, lleva dos inasistencias"
2023,culminó,Génesis del Carmen Naveda Souquet,26.314.142,Genaveda98@gmail.com,0412-817.23.91,4/3/2023,UCAB,Administración de Empresas,26/4/2023,26/7/2023,
2023,culminó,Gioanny Valentina Marcano,28.314.867,Gioanny Valentina Marcano Rodríguez <gvmarcano.20@est.ucab.edu.ve>,4125531797,29/10/2022,UCAB,Administración de Empresas,17/2/2023,,
2023,culminó,Grace Rivas,"28007211,00",gracerivas1806@gmail.com,4241372552,14/1/2023,UCAB,Administración de Empresas,23/2/2023,18/11/2023,"Culminó horas presenciales.Queda pendiente enviar el informe final , Le fue enviada la carta de culminación, el tercer reporte sellado y firmado y la evaluación firmada y sellada pdf, también el informe final sellado y firmado"
2023,culminó,Jorgelys Julio,"28416787,00",jorgelysjulio3@gmail.com,4241963955,29/4/2023,UCAB,Administración de Empresas,6/7/2023,2/12/2023,"Culminó horas presenciales.Le fue enviada carta de culminación, formato de evaluación Y 3er reporte sellado y firmado.y cronograma de horas. Queda pendiente informe final."
2023,Culminó,Julieth Yonaliet Cadenas Berrios,"27615655,00",Julieth.cadenas@gmail.com,0414-3118562,29/4/2023,UCAB,Contaduría Pública,7/6/2023,13/9/2023,firma informe 12/10/23
2023,Culminó,Julio César Maizo Briceño,"28175318,00",maizojuliocesar@gmail.com,0414-2691593,29/4/2023,UCAB,Administración de Empresas,31/5/2023,30/9/2023,se firma Informe el 09/10/23
2023,Culminó,Katherine Gabriela De Andrade ,29.850.864,Katherine De Andrade <kathygabriela2002@gmail.com>,0414-2305095,29/4/2023,UCAB,Administración de Empresas,31/5/2023,25/9/2023,se firma reporte 2 y 3 el 06/10/23. Firma Informe final 17 octubre 2023
2023,Culminó,Lauren Sophie Soriano Egui,26.731.887,lauren.sorianoe@gmail.com,(0412) 5714646,14/1/2023,UCAB,Administración de Empresas,30/1/2023,10/5/2023,
2023,Culminó,Luis Daniel Rodríguez Altuve,27.741.679,luis.rodriguez340904@gmail.com,0414-118-3361,29/10/2022,UCAB,Contaduría Pública,28/2/2023,23/6/2023,mando reportes con retraso
2023,Culminó,Mariana del Carmen González Hernández,28.184.306,ghmariana20@gmail.com,(0414) 3830348,14/1/2023,UCAB,Administración de Empresas,7/2/2023,11/11/2023,reinicia el 10 de octubre despues que no aistió más desde agosto
2023,Culminó,Nayleth Rosmary Salazar Guaman,29.651.384,naylethsalazar7@gmail.com,4141104851,16/7/2022,UCAB,Administración de Empresas,20/10/2022,25/4/2023,
2023,Culminó,Rebecca Kristine Soriano Egui,"28027011,00",rebecca.sorianoe@gmail.com,0412-915.26.50,14/1/2023,UCAB,Administración de Empresas,8/2/2023,29/6/2023,
2023,Culminó,Rubens Fasano,"28218617,00",Rubens Fasano <rubensalejandrofasano@gmail.com>,4123751674,29/10/2022,UCAB,Administración de Empresas,13/1/2023,17/4/2023,mandó el informe y la evaluación 3 veces para cambios 21/6/2023
2023,Culminó,Saverio Antonio Giovinco Dugarte,"27941547,00",Saverio Giovinco <saveriogiovinco@gmail.com>,4242220483,13/7/2023,UCAB,Administración de Empresas,27/7/2023,27/10/2023,firmado 2do reporte 12/10/23. 
2023,Culminó,Andrés García ,28.007.920,Andrés García Alvarez <andygallego08@gmail.com>,4241767888,10/6/2023,UCAB,Comunicación Social,12/7/2023,3/11/2023,"se realizó firma de informe final, reporte 60 horas y evaluación el 21/11/23"
2023,culminó,Fátima Alessandra De Caires Positano,27.941.938,fatima.decairesp@gmail.com,4261108257,29/10/2022,UCAB,Comunicación Social,16/11/2022,23/2/2023,
2023,Culminó,Beatriz Fantes,27670986,fantesbea@gmail.com,4242943265,29/4/2023,UCAB,Comunicación Social,24/5/2023,10/11/2023,"reporte 60 horas enviado el 07/11/23, entregó informe final 06/12/2023 junto a formato de evaluación"
2023,culminó,Mauro Velázquez,27.187.216,maurojvelazquezr@gmail.com,4120206682,14/5/2022,UCAB,Comunicación Social,23/6/2022,27/1/2023,"tardo en mandar documentos finales mas de 1 mes, ultimos documentos 2/3/2023"
2023,Culminó,Mariangela Isabella D´Agosto Martínez,27.615.310,dagostoma@gmail.com,0414-0180496,4/3/2023,UCAB,Comunicación Social,12/4/2023,12/7/2023,se le mado excel con horas de apoyo 31/5/2023
2023,Culminó,Milangel Katherine Piñango Lugo,27.045.591,mkpinango.18@est.ucab.edu.ve,0414 - 0507694,4/3/2023,UCAB,Comunicación Social,13/4/2023,26/9/2023,firma de informe y evaluación 31/10/23
2023,culminó,Sofía Cohen,27798388,soficohen2020@gmail.com,4241879422,14/1/2023,UCAB,Comunicación Social,27/2/2023,21/6/2023,"Se firmó informe final el 26 de enero 2024. Aparte del SC realizó tesis llamada: ""Análisis de las Comunicaciones Externas de la Asociación Civil Hogar Bambi Hacia su Grupo de Voluntarios"" está guardada en el drive de voluntariado carpeta planificación estratégica, estudio sobre comunicación.
"
2023,culminó,Wilmary Coromoto Valero Alonzo,28.447.489,wcvalero.19@est.ucab.edu.ve,4241328070,29/4/2023,UCAB,Comunicación Social,22/5/2023,25/8/2023,
2023,culminó,Andrés Eduardo Gazzotti Sánchez,27.588.206,andresgazzotti702@gmail.com,0424-1508238,29/10/2022,UCAB,Economía ,25/11/2022,21/4/2023,
2023,culminó,Arantxa González León,28.116.824,arantxagonzalez6012@gmail.com,0414-129-6012,4/3/2023,UCAB,Economía ,16/3/2023,29/6/2023,
2023,culminó,Diego Enrique Alvarez Castillo,28.313.191,diegoenriquealvarez191@gmail.com,0414-3281301,29/10/2022,UCAB,Economía ,3/11/2022,27/3/2023,
2023,culminó,Eduard Andres Montesano Gonzalez,28.073.844,montesanoeduard29@gmail.com,0424/2026294,5/3/2022,UCAB,Economía ,17/4/2022,17/8/2022,
2023,culminó,Enrique José Mendez Perales,25.987.560,ejmp2503@gmail.com,0424-106-93-08,4/3/2023,UCAB,Economía ,19/5/2023,25/8/2023,
2023,culminó,Giomar Alexander Camacho Gómez,26.343.775,giomar0911@gmail.com,0412-258-01-44,16/7/2022,UCAB,Economía ,5/10/2022,6/2/2023,
2023,culminó,Luis Alejandro Hernández Maradey,24.644.352,luis@konocimiento.com,0424-210.24.15,16/7/2022,UCAB,Economía ,18/8/2022,13/2/2023,
2023,culminó,Omar Adrian Cartaya Guillén,28.360.285,omar.cartayag@gmail.com,4163827257,29/10/2022,UCAB,Economía ,16/11/2022,3/3/2023,
2023,culminó,Yvanna Michelle Urquía Parra,26.687.055,ymurquia@gmail.com,0424-223-30-42,17/11/2022,UCAB,Educación,18/1/2023,2/6/2023,
2023,Culminó,Sonia Amira Nahit Veroes,26498817,sonianahit@gmail.com,4242880250,12/4/2023,UCV,Computación,19/7/2023,19/10/2023,se firmó informe y cuadro de actividades el 24/11/23
2023,Culminó,Rafael Augusto Machado Bolaño,27344078,ramachado40@gmail.com,4129128101,10/6/2023,UCV,Computación,21/6/2023,25/9/2023,se firmó informe y cuadro de actividades el 21/11/23
2023,culminó,Airana Ramírez,27.467.359,airananakaryt@gmail.com,0424-1521301,4/3/2023,UCV,Educación,21/3/2023,25/7/2023,
2023,culminó,Luzmar Carrero,27.741.140,luzmarlacatira@gmail.com,4142624014,4/3/2023,UCV,Educación,22/3/2023,25/7/2023,
2023,culminó,Yoselyn Campo,26.624.607,yosecampo96@gmail.com,0412-551-33-89,4/3/2023,UCV,Educación,13/4/2023,25/7/2023,
2023,Culminó,Adonis Ismael Rubio Chacón,25.230.886,adonisrubio20@gmail.com,0412-907-3220,4/3/2023,UCV,Derecho,16/3/2023,22/6/2023,
2023,Culminó,Alfredo Antonio Ramírez Mercado,24455271,<alfredoramirezmercado22@gmail.com>,4121767702,4/3/2023,UCV,Derecho,20/3/2023,14/7/2023,
2023,Culminó,Ana Virginia Rojas Venero,27600450,aajpmal@gmail.com,0424-1626390,29/10/2022,UCV,Derecho,8/11/2022,1/4/2023,
2023,Culminó,Anrey Emir Jimenez Jordan,28302666,anreyjimenez15@gmail.com,4242069346,29/4/2023,UCV,Derecho,10/5/2023,13/8/2023,
2023,Culminó,Ariadna Sofía Regardiz Rivas,29621500,<ariregardiz@gmail.com>,4241657361,16/7/2022,UCV,Derecho,18/8/2022,26/1/2023,
2023,Culminó,Arlec Maria Natalia Delgado Matheus,29.532.137,<arlecmatheus15@gmail.com>,4149157650,14/1/2023,UCV,Derecho,27/1/2023,5/5/2023,
2023,Culminó,Audimar Martínez,28282476,<audimarmartinez99@gmail.com>,412339951,16/7/2022,UCV,Derecho,12/9/2022,10/1/2023,
2023,Culminó,Brandon Trias ,23.691.440,<brandontrias18@gmail.com>,4241739763,14/1/2023,UCV,Derecho,31/1/2023,5/6/2023,
2023,Culminó,Carla Andreina Briceño Rodriguez,26711126,carlabriceno1999@gmail.com,4123016934,4/3/2023,UCV,Derecho,22/3/2023,12/7/2023,
2023,Culminó,Cesar Alejandro Torrealba Hernández,14.755.140,cesarcat71@gmail.com,04261112424/04126134989,4/3/2023,UCV,Derecho,16/3/2023,29/6/2023,
2023,Culminó,Clifford Arnaldo Murga Ramirez,14020095,<braygen@gmail.com>,0424-2525880/0416-9217818,14/1/2023,UCV,Derecho,26/1/2023,4/5/2023,
2023,Culminó,Daniela De Los Ángeles Orta Codecido,27.218.450,Daniela Orta <danielaortac@gmail.com>,0424-217-0795,4/3/2023,UCV,Derecho,21/3/2023,6/10/2023,Estudiante fue suspendida por no aisitir a su servicio comunitario y por no informar que faltaría (de 5 días propuestos solo fue a un)
2023,Culminó,Deylys Laura Ferrera Echezuria,28.143.904,<deylysferrera@gmail.com>,4169350690,14/1/2023,UCV,Derecho,1/2/2023,9/5/2023,
2023,Culminó,Dinaura Zulay Ydrogo Valderrey,27.189.919,dydrogov@gmail.com,04126983702/ 04129052301,29/10/2022,UCV,Derecho,10/11/2022,16/2/2023,
2023,Culminó,Edinso Luque,26.483.708,edinso.16gabriel@gmail.com,0412.825.1571,29/4/2023,UCV,Derecho,10/5/2023,15/9/2023,
2023,Culminó,Eleyni Alexandra Guerrero Alfonso,26.574.598,<guerreroeleyni@gmail.com>,(0426) 906-32-33,14/1/2023,UCV,Derecho,28/6/2023,28/9/2023,
2023,Culminó,Emmanuelle Jesus Pacheco Briceño,24940078,emmanuelpacheco19@gmail.com,(0412) 5580058,29/4/2023,UCV,Derecho,23/5/2023,11/10/2023,
2023,Culminó,Erinés María Pérez Estanga,27214048,erinesperez9@gmail.com,4248053169,29/10/2022,UCV,Derecho,28/11/2022,10/4/2023,
2023,Culminó,Estefani Nazareth Tovar Medina,26947182,estefaniitovar19@gmail.com,0424-139-6276,29/10/2022,UCV,Derecho,8/11/2022,14/2/2023,
2023,Culminó,Franlys Mariam Villanueva Natera,26835571,franlysmariam@gmail.com,4125225705,14/1/2023,UCV,Derecho,10/2/2023,6/5/2023,
2023,Culminó,Freddy Eloy Carvajal Noriega,V:25.482.890,<freddynegroc@gmail.com>,0424-213-32-45,4/3/2023,UCV,Derecho,22/3/2023,26/4/2023,
2023,Culminó,Heishel Carmilia Castillo Lucena,27427299,hccl1198@gmail.com,(0424) 2108783,10/6/2023,UCV,Derecho,22/6/2023,6/10/2023,Esta estudiante pidio firma de planilla Au pair el 18 de Marzo 2024 por las 65 horas de apoyo con los niños/Se guardó Formato Au Pair en su expediente
2023,Culminó,Isabella Argelis Ramírez Cisneros,27130355,isaarc20@gmail.com,(0412) 6141449 27130355,14/1/2023,UCV,Derecho,17/2/2023,6/9/2023,
2023,Culminó,Isabella Valentina Garcia Marquez,28.317.028,<isabelavgm28@gmail.com>,"414,1475087",4/3/2023,UCV,Derecho,16/3/2023,21/7/2023,
2023,Culminó,Israel Alejandro Torres González,26473244,israeltorres2910@gmail.com,4242116440,14/1/2023,UCV,Derecho,1/2/2023,26/7/2023,
2023,Culminó,Jhon Alejandro Duran Laguna,27819393,lagunajhon9@gmail.com,(0412) 3932574,29/4/2023,UCV,Derecho,26/5/2023,2/9/2023,
2023,Culminó,Johana Del Carmen Madriz Bracho,27.240.931.,janamadriz@gmail.com,0412-9731999,14/1/2023,UCV,Derecho,9/2/2023,12/6/2023,estudiante realizó inducción en nov2021 y envió para iniciar pero luego no inició por estar embarazada
2023,Culminó,José Luis Muñoz Mota,25981553,<jlmm.mota@hotmail.com>,4241405218,6/5/2023,UCV,Derecho,10/5/2023,12/6/2023,"Caso especial, solicitadoa por la Decana Lourdes Wills. Estudiante debe completar 60 horas."
2023,Culminó,Karla Nayeska Puente Romero,28.100.041,<karlaanpr01@gmail.com>,4242454247,14/1/2023,UCV,Derecho,2/2/2023,30/6/2023,"se le llamo la atención acerca del vestuario, para que sea mas holgado y adaptado a sus actividades. De las horas a realizar debe hacer un día en sociolegal"
2023,Culminó,Kelvin Enrique González,21.103.160,<kegonzalez92@gmail.com>,4128282121,14/1/2023,UCV,Derecho,24/2/2023,12/8/2023,
2023,Culminó,Leandra Zacniret Mogollón Rodriguez,27373792,leandra27f@gmail.com,04124916477 / 02124340293,29/10/2022,UCV,Derecho,11/11/2022,6/3/2023,
2023,Culminó,Lideicy Rondon,27775165,rondonlideicy@gmail.com,0424-883-9813,29/10/2022,UCV,Derecho,7/11/2022,16/3/2023,
2023,Culminó,Lourgenis AlexandraLeón Jiménez,26647823,lourgenisalj@gmail.com,04123079221/04265107545,29/4/2023,UCV,Derecho,22/5/2023,28/9/2023,
2023,Culminó,Luis Alejandro Abello Silva,27.391.341,<l.alej.abellosilva@gmail.com>,4249380355,16/7/2022,UCV,Derecho,5/10/2022,30/1/2023,
2023,Culminó,Mariana Carolina Ramirez Piña,26197301,<marianacarolinar8@gmail.com>,0412-5990577,16/7/2022,UCV,Derecho,27/9/2022,22/1/2023,
2023,Culminó,Maryoly Katiusca Alvarez Negrin,V26624612,<katiuscanegrin1721@gmail.com>,4129960074,4/3/2023,UCV,Derecho,10/4/2023,10/7/2023,"discapacita, realizará SC acompañada de su pareja Jose Montes (envió planilla y recaudos de su pareja)"
2023,Culminó,Mayra Alejandra Campos Rivas,28162185,mayra.campos.rivas@gmail.com,(0424) 9154526,29/4/2023,UCV,Derecho,22/5/2023,28/8/2023,
2023,Culminó,Melida Milanyela Fernández Prato,25510920,melydaucv@gmail.com,4169768467,29/4/2023,UCV,Derecho,17/5/2023,23/8/2023,
2023,Culminó,Oriana del Carmen González García,26.476.552,orianadcgonzalez@gmail.com,4242086105,29/4/2023,UCV,Derecho,25/5/2023,16/9/2023,
2023,Culminó,Orlhaisa Guzman ,28053354,<orlhaisag@gmail.com>,4121984814,4/3/2023,UCV,Derecho,28/3/2023,18/7/2023,
2023,Culminó,Oswaldo José Martínez Zárraga,27342088,<oswaldojose.mz@gmail.com>,4141227528,4/3/2023,UCV,Derecho,29/3/2023,10/8/2023,
2023,Culminó,Paola Valentina Delgado Guía,27163402,guiavalentinad@gmail.com,4125712947,29/10/2022,UCV,Derecho,14/11/2022,8/3/2023,
2023,Culminó,Raynier Ali Ruiz,20911814,raynier.ruiz@gmail.com,(0424) 2993473,13/7/2023,UCV,Derecho,07/26/23,27/10/2023,
2023,Culminó,"Rebeca Alejandra, Medina Palacios",25224191,<rampalacios.1260@gmail.com>,4125556978,6/5/2023,UCV,Derecho,29/5/2023,6/10/2023,
2023,Culminó,Roranny Gregoria García Carrasco,31776285,<roranny1999@gmail.com>,4142185319,4/3/2023,UCV,Derecho,23/3/2023,11/8/2023,
2023,Culminó,Rusmely Margarita Quereigua Peaspan,26449815,<rusmelyqp.13@gmail.com>,4160838705,4/3/2023,UCV,Derecho,22/3/2023,4/7/2023,
2023,Culminó,Sara Luna Sánchez,26.958.425,saralunasanchez@gmail.com,0424-8650620,10/7/2021,UCV,Derecho,28/7/2023,29/8/2023,"estudiante problematica y embarcadora... se ha negociado varias veces desde agosto. Al no realizar el apoyo en el área legal se le propuso realizar un material para el área sociolegal, qued´en enviar propuesta sobre este tema y no lo ha realizado. se le dio feca tope 11 de marzo. hizo horas de apoyo hasta 18 de febrero y luego no volvió. Notiene mas horas propuestas, debe enviar. Pero esta estudiante debe terminar en marzo, de lo contrario se envía el caso a la UCV. No entregó presentación no asistió los días acordados, ya son muchas faltas por lo que se suspedió, se le hizo constancia de horas de 61.5 horas en abril 2022. Por solicitud de Betty Lugo Coordinadora Academica se le da ingreso nuevamente para culminar su Servicio Comunitario. finalmente culminó en agosto 2023"
2023,Culminó,Shakira Sharays Cruz Berrios. ,29.779.997,<slove9780@gmail.com>,4123976800,4/3/2023,UCV,Derecho,22/3/2023,12/7/2023,
2023,Culminó,Victor Armando Vargas Orasma,26090231,victorarmando18@gmail.com,(0424)3071159,29/4/2023,UCV,Derecho,30/5/2023,18/9/2023,
2023,Culminó,Wilmer José Rodríguez Jiménez,26064963,rodriguezwj92@gmail.com,4142753606,4/3/2023,UCV,Derecho,14/3/2023,21/7/2023,
2023,Culminó,Yonaiker Daniel Oropeza López,27862212,<ydol1124@gmail.com>,58 412 2109113,14/1/2023,UCV,Derecho,24/1/2023,23/5/2023,
2023,Culminó,Yvan Alejandro de Jesús Franco Romero,26192713,<yvanfrancor@gmail.com>,4141873431,29/10/2022,UCV,Derecho,4/11/2022,10/2/2023,
2023,Culminó,Zoyla Margarita Olivar Paradas,26191171,margaritaolivar014@gmail.com,4123876404,14/1/2023,UCV,Derecho,1/3/2023,1/9/2023,
2023,Culminó,Keilin Judith Rosales Mora,24.205.384,NILIEK05@GMAIL.COM,0424-2118263,4/3/2023,UJMV,Contaduría Pública,22/3/2023,4/5/2023,
2023,Culminó,Ana Paula Urdaneta,30142151,urdanetaanapaula@gmail.com,4123376858,13/7/2023,UMA,Comunicación Social,17/8/2023,30/11/2023,
2023,Culminó,Isabella Carolina Silva Ayala,30.142.364,isilva_2025cs@alumno.uma.edu.ve,4241737372,13/7/2023,UMA,Comunicación Social,10/8/2023,30/11/2023,Fue reconocido el día del voluntario 2023/ Parrandita programada para el 9 y 14 de diciembre de 2023
2023,Culminó,Victoria Perales,30.394.798,vperales_2025cs@alumno.uma.edu.ve,4242405974,13/7/2023,UMA,Comunicación Social,19/7/2023,19/10/2023,
2023,Culminó,Anna Jiménez,29537096,ajimenez_2024d@alumno.uma.edu.ve,4122915203,29/10/22,UMA,Derecho,9/11/2022,1/3/2023,se le firmo el reporte de 60 horas Cristian Graterol
2023,Culminó,Andrea Canan,30062865, <andrea.canan@correo.unimet.edu.ve>,4120227690,14/01/23,UNIMET,Ingeniería Química,31/1/2023,,
2023,Culminó,Eilyn Adriana Añanguren Cortez,27042896,a.eilyn@correo.unimet.edu.ve,4129233766,29/4/2023,UNIMET,Psicología,,,
2023,Culminó,Manuel Alejandro Mantilla Ollarves,27 038 645,manuel.mantilla@correo.unimet.edu.ve,0414 180 41 46,29/4/2023,UNIMET,Ingeniería mecánica,,,
2023,Culminó,Ivana Avendaño,19692789, ivanaavendano2@gmail.com,0414-267.12.71,09/01/21 (voluntariado),UNIMET,Educación,,,
2023,Se Retiró,Lorena Natasha Contreras Altuve,"28532660,00",lorenac182002@gmail.com,4142988846,14/1/2023,Au Pair,,21/3/2023,28/3/2023,fue solo dos veces y no volvió. Se emitió constancia para cerra caso
2023,Se Retiró,Ámbar Verónica López Ochoa,"27891385,00",Lveronica0502@gmail.com,4125561513,31/1/2023,CURMH,Fisioterapia,15/2/2023,3/4/2023,"Coordinadora o directora del área solicitó retiro de estudiantes, notificando que no estaba de acuerdo con el apoyo integral realizado por los estudiantes. Estudiante realizó 58 horas de apoyo"
2023,Se Retiró,Bruno Alejandro Díaz Sarmiento,27.319.426,djeibruno0312@gmail.com,0412-379-72-55,31/1/2023,CURMH,Fisioterapia,6/3/2023,10/4/2023,"Coordinadora o directora del área solicito retiro de estudiantes, notificando que no estaba de acuerdo con el apoyo integral realizado por los estudiantes. En total realizó 50 horas de apoyo a la institución."
2023,Se Retiró,Diereliz Darianna Gómez Herrera,27.624.174,dierliz1412@gmail.com,0424-2533264,31/1/2023,CURMH,Fisioterapia,4/4/2023,11/4/2023,"Coordinadora o directora del área solicito retiro de estudiantes, notificando que no estaba de acuerdo con el apoyo integral realizado por los estudiantes. En total realizó 37,5 horas de apoyo a la institución. "
2023,Se Retiró,Isaura Karina Pérez Pons,27.246.946,isaurakpp@gmail.com,4242292224,31/1/2023,CURMH,Fisioterapia,24/3/2023,31/3/2023,"Coordinadora o directora del área solicito retiro de estudiantes, notificando que no estaba de acuerdo con el apoyo integral realizado por los estudiantes. En total realizó 45 horas de apoyo a la institución."
2023,Se Retiró,Jhosmaikel José de Jesús Hidalgo,28.143.603,jhosmaikel1234@gmail.com,0412-397-57-99,31/1/2023,CURMH,Fisioterapia,2/3/2023,30/3/2023,"Coordinadora o directora del área solicito retiro de estudiantes, notificando que no estaba de acuerdo con el apoyo integral realizado por los estudiantes. En total realizó 55 horas de apoyo a la institución."
2023,Se Retiró,Oriana Valentina Rodríguez Sarache,27.796.163,oriana15rodriguez@gmail.com,0424-290-5559,31/1/2023,CURMH,Fisioterapia,28/3/2023,7/4/2023,"Coordinadora o directora del área solicito retiro de estudiantes, notificando que no estaba de acuerdo con el apoyo integral realizado por los estudiantes. En total realizó 49 horas de apoyo a la institución."
2023,Se Retiró,Samuel Roberto Amaya Ruiz,"26152201,00",samuelamaya.ufc@gmail.com,0412-914-2833,31/1/2023,CURMH,Fisioterapia,2/3/2023,7/4/2023,"Coordinadora o directora del área solicito retiro de estudiantes, notificando que no estaba de acuerdo con el apoyo integral realizado por los estudiantes. En total realizó 55 horas de apoyo a la institución."
2023,Se Retiró,Carmen Zambrano ,"26125673,00",karegarcia2014@gmail.com,0424 -190 -6768,31/1/2023,CURMH,Fonoaudiologia,23/2/2023,31/3/2023,"Coordinadora o directora del área solicito retiro de estudiantes, notificando que no estaba de acuerdo con el apoyo integral realizado por los estudiantes. En total realizó 42,5 horas de apoyo a la institución. "
2023,Se Retiró,Marifel Patricia Diaz González,28.489.132,marifel.pdg@gmail.com,0426-035-5861/0412-526-948,31/1/2023,CURMH,Fonoaudiologia,23/2/2023,7/4/2023,"Coordinadora o directora del área solicito retiro de estudiantes, notificando que no estaba de acuerdo con el apoyo integral realizado por los estudiantes. En total realizó 56 horas de apoyo a la institución. "
2023,Se Retiró,Alexander Francisco Pérez Graterol,29.631.279,<alexanderfranciscog@gmail.com>,0424-1509800,19/10/2023,IUTV,Computación,22/11/2023,,Se retiró por motivos familiares. 
2023,Se Retiró,Diego Alejandro Fernandez Marsal,29.837.819,diegoa.fernandezm@gmail.com,4243700571,9/11/2023,UCAB,Contaduría Pública,,,"estudiante estaba apurado. se le dió inicio y después dijo que quería culminar amntes de los 3 ,eses. se le dijo que hablara con la escuela."
2023,Se Retiró,Romel Gabriel Sánchez Infante,27234143,romel.dromi1999@gmail.com,4141068286,26/8/2023,UCAB,Economía ,2/10/2023,,participó un día y luego informó que no realizaría el Servicio Comunitario.
2023,Se Retiró,Emma Gabriela Alvarado Diaz,26.343.645,eemma.78955@gmail.com,"0414 308 54 74 (no responde ella, otra persona)",29/10/2022,UCAB,Ingeniería Civil,12/12/2022,,Se retiro por cambio de universidad
2023,Se Retiró ,Evelyn Elvigia Toro Castro,27.598.894,Evelyntc06@gmail.com,"412,5813407",14/1/2023,UCAB,Comunicación Social,,,
2023,Se Retiró ,Joaquín Darío Segovia Brun,26.739.809,Joacosegovia99@gmail.com,4120804577,4/3/2023,UCAB,Comunicación Social,no ha enviado disponibilidad horaria,,notifico que culminaria en otra institución
2023,Se Retiró ,Karen Sarmiento Vega,27.916.398,karensv2608@gmail.com,4122037484,8/9/2022,UCAB,Comunicación Social,8/11/2022,,Pidio no realizar su servicio comunitario luego de empezar ya que no rindio en lo que se le pedia 
2023,Se Retiró ,Yagnelly Cristina Rojo,28.246.001,ycristi01@gmail.com,412-6087951,17/11/2022,UCAB,Comunicación Social,,,pidio retirarse en enero 2023
2023,Suspendido,Marianyella Padalino,25.987.518,marianyellap@gmail.com,0414-136.71.57,29/4/2023,UCAB,Ingeniería Civil,4/7/2023,,"estudiante se le reprogramo apoyó y no ha ido, se le envió correo el 7 de noviembre informando que no podía faltar, de lo contrario sería suspendida. No respondió y no fue ningún día de noviembre. luego el coordinador de la escuela informó que ella no habia inscrito Servicio Comunitario. Por lo que se suspendió, no se le emitió ninguna constancia"
2023,suspendido,Bryant Paullet  Arcia Maiz,27598750,<arciamaizbryantpaullet@gmail.com>,04262212643 / 02128710986,26/8/2023,UCV,Derecho,22/9/2023,,estudiante fue solo una vez y luego no volvióa ir más y no envió correo ni mensaje. Se le envió comunicación el 09 de octubre informando que estaba suspendidE
2023,Suspendido ,Alejandro José González Lemus,27.475.759,Gonzalex311099@gmail.com,4241444026,29/4/2023,UCAB,Contaduría Pública,17/7/2023,,Suspendido por no cumplir con las actividades con 4 dias de inasistencias 
2024,Culminó,Claudette Guerrero,30.821.181,claudettegh.04@gmail.com,4241977275,19/8/2023,AU Pair,,20/9/2023,18/1/2024,Comunicó que escribiría en mayo para iniciar
2024,Culminó,Iley Alejandra Cañas Chacón ,27798277,ileyc15@gmail.com,0424 1248400,9/11/2023,CUECMC,Enfermeria,27/11/2023,8/3/2024,
2024,Culminó,Milena Alejandra Cera Meza,29.537.778,milecera2711@gmail.com,4142358784,3/7/2024,IUTV,Ingeniería Informatica,23/7/2024,24/10/2024,
2024,Culminó,Antoine Villaprado,29.686.772,antoinevillaprado@gmail.com,4120240730,3/7/2024,IUTV,Ingeniería Informatica,22/7/2024,5/11/2024,
2024,Culminó,Brian Maraima,27.467.624.,brianmaraima4@gmail.com,0412-211-2785,3/7/2024,IUTV,Ingeniería Informatica,26/7/2024,9/12/2024,
2024,Culminó,Daniel Abraham Vásquez Rodríguez,30.830.279,rvdaniel3904@gmail.com,0412-3868176,3/7/2024,IUTV,Ingeniería Informatica,30/7/2024,21/11/2024,
2024,Culminó,Jeronimo Gil,12288217,jeronimogil08@gmail.com,4149039334,29/4/2023,Tribunal Penal,,23/5/2023,4/4/2023,"Debe realizar 1 mes de prueba y luego se organizará el apoyo trimestral. hasta cumplir el año. Se hizo último reporte el 8 de abril, se consignó en el tribunal, en espeera del finiquito del caso"
2024,Culminó,Ana Cecilia Díaz Anzola,27.934.247,<anaceciliadzanzola@gmail.com>,4123080135,19/10/2023,UAV,Dirección Audiovisual,6/11/2023,20/2/2024,En enero se debe definir actividad audiovisual con Marialex/ Se acordó que debe entregar vídeo definitivo el 23/02/24
2024,Culminó,Melanie Elinor Mata,28.180.417,memata.20@est.ucab.edu.ve,4242836311,8/2/2024,UCAB,Contaduría Pública,27/2/2024,28/5/2024,ultimos documentos 3/3/2023
2024,culminó,Sayed Alejandro El Khaouli Delle Sedie,27.130.114,elkhaoulialejandro@gmail.com,0424-1491968,8/9/2022,UCAB,Comunicación Social,7/11/2022,24/1/2023,
2024,Culminó,Camila Del Duca,27.448.279,camila13delduca@gmail.com,4242251907,3/7/2024,UCAB,Comunicación Social,7/8/2024,11/12/2024,
2024,Culminó,Fabiana Del Carmen Pérez,26.343.703,fdperez.19@est.ucab.edu.ve,0414-121-7720,3/7/2024,UCAB,Comunicación Social,13/8/2024,13/11/2024,"De acuerdo a la información suministrada por Gloria y Belén, el estudiante envió el material el 26/11/23 se le hicieron unas observaciones y quedó en enviar proximamente el video con las respectivas correcciones/envió el material corregido el 16 de enero del 2024"
2024,Culminó,Flavio Alejandro Cairo Moreno,27.214.417,flavio.cairo86@gmail.com,0414-0910658,4/3/2023,UCAB,Comunicación Social,8/5/2023,16/1/2024,Entregó informe Final
2024,Culminó,Juan Ramón Ara Bello,29954538,jrara.20@est.ucab.edu.ve,4242942614,15/03/2024,UCAB,Comunicación Social,17/4/2024,22/7/2024,
2024,Culminó,María Verónica Escotet,28.224.913,mveronicaescotet@gmail.com,4129401035,10/6/2023,UCAB,Comunicación Social,13/010/23,24/1/2024,"El 12 de abril la estudiante subió la información de Global Giving a la página/, se envió ficha firmada 15/11/23"
2024,Culminó,Nicole Angeline Mouzo Carrasquel,28.424.074,<namouzo.09@gmail.com>,4129619439,9/11/2023,UCAB,Comunicación Social,27/11/2023,14/3/2024,
2024,Culminó,Sarah De Andrade,28007609,sgdeandrade.20@est.ucab.edu.ve,4123040102,15/3/2024,UCAB,Comunicación Social,18/4/2024,18/7/2024,
2024,Culminó,Sophia Isabel Morabito Báez,28.007.453,sophiamorabito23@gmail.com,4242310201,19/11/2024,UCAB,Comunicación Social,6/3/2024,6/6/2024,
2024,Culminó,Alejandro Fuenmayor,28313418,alejandrofuenmayor882@gmail.com,4143691357,15/5/2024,UCAB,Economía,10/6/2024,10/9/2024,
2024,Culminó,Levi Guerra,29.622.065,leviguerra70@gmail.com,4241701926,19/1/2024,UCAB,Economía,7/2/2024,9/5/2024,
2024,Culminó,Luis Manuel Pinto Marsal,29901387,lmpinto.21@est.ucab.edu.ve,4144056877,15/5/2024,UCAB,Economía,10/6/2024,11/9/2024,
2024,Culminó,Pablo Jesús Sosa Rivera,25.735.183,pablososa998@gmail.com,4143254136,19/10/2023,UCAB,Economía,13/11/2023,4/3/2024,
2024,Culminó,Génesis Alejandra Morales Gutiérrez,25.212.081,Sisiimora@gmail.com,4141553677,10/6/2023,UCAB,Ingeniería Civil,11/7/2023,17/11/2023,
2024,Culminó,Vicente Antonio Jaimes Torres,29861304,vicente <vicentejaimes2001@gmail.com>,0412 210 8279,29/4/2023,UCAB,Ingeniería Civil,28/2/2024,11/6/2024,
2024,Culminó,Andrés Antonio Arispe Cárdenas,29611760,andresarispe2605@gmail.com,4123367436,29/4/2023,UCAB,Ingeniería Informatica,16/8/2023,20/11/2023,aparece que su último día es el 20 de noviembre. pero confirmará si hay algo más que arreglar de la base de datos de Direccción Sociolegal
2024,Culminó,Carlos Hernandez,26573519,Carlos Luis <soycarlosluis862@gmail.com>,4122561398,26/8/2023,UCAB,Ingeniería Informatica,21/9/2023,10/1/2024," el estudiante envía manual de cierre del proyecto página web, el 10/01/24"
2024,Culminó,Carlos Ortega,27607945,<carloseduardortega@gmail.com>,4241318008,19/10/2023,UCAB,Ingeniería Informatica,21/11/2023,27/2/2024,
2024,Culminó,Christian Alonzo Ramirez Vondrak,27769583,<christian20599@gmail.com>,4126054663,19/10/2023,UCAB,Ingeniería Informatica,29/11/2023,10/4/2024,Se le envío propuesta y carta convenio 10/01/2024/ se realizó reunión el 11/01/2024 con Karina Stohr y Ailleen Noguera
2024,Culminó,Cristhian Mendes,29.765.079,cdmendes.21@est.ucab.edu.ve,4123805244,18/01/2024,UCAB,Ingeniería Informatica,19/2/2024,21/5/2024,
2024,Culminó,Francis Giovana del Valle Bompart Gómez,29.686.086,fransbompart@gmail.com,0426-510-44-76,26/8/2023,UCAB,Ingeniería Informatica,6/9/2023,22/1/2024,
2024,Culminó,Gabriel De Sousa,30246205,gadesousa.21@est.ucab.edu.ve,4241328505,18/01/2024,UCAB,Ingeniería Informatica,19/2/2024,21/5/2024,
2024,Culminó,Gian Paolo Astorino Lanzuisi,29611203,Gian Paolo Astorino Lanzuisi <gpastorino.21@est.ucab.edu.ve>,0416-6250251,29/4/2023,UCAB,Ingeniería Informatica,7/8/2023,20/11/2023,
2024,Culminó,Jamal Mohamad Amer,29664819,jmohamad.21@est.ucab.edu.ve,4141121214,,UCAB,Ingeniería Informatica,19/2/2024,21/5/2024,
2024,Culminó,Joyce Elizabeth Wagner Goncalves,29.611.513,<joywg14@gmail.com>,0424-2720503,26/8/2023,UCAB,Ingeniería Informatica,6/9/2023,24/1/2024,Debe acudir el 24 de enero 2024 Bambi 3 para finalizar/ ya entregó en pdf material del proyecto
2024,Culminó,Luis Elian Montes García,28.052.110,Luis Elian Montes Garcia <luiselian001@gmail.com>,0424-2374797,26/8/2023,UCAB,Ingeniería Informatica,6/9/2023,24/1/2024,Debe acudir el 24 de enero 2024 Bambi 3 para finalizar/ ya entregó en pdf material del proyecto
2024,Culminó,Simón Alejandro Azócar Carrasquel,26.250.543, <saimn.azocar@gmail.com>,0424-2923511,19/10/2023,UCAB,Ingeniería Informatica,21/11/2023,27/2/2024,
2024,Culminó,María Gabriela Gutiérrez Requena,26599828,mariagutierrez3a@gmail.com,4249680230,26/8/2023,UCAB,Letras,6/11/2023,6/5/2024,"El 01/10/23 se le envío firmado propuesta de proyecto para que fuese aprobado por la escuela./ el día martes 30 de enero del 2024 se realizó la actividad con los adolescentes ""Novela de Formación"" en Bambi 4. Apoyo a una adolescente en su proyecto socioproiductivo y realizo unas horas adicionales en Bambi enlace. "
2024,Culminó,Bárbara Alejandra Sorg Quintana,28.006.137,alejandra.sorg@gmail.com,0414-2859934,13/7/2023,UCV,Artes,4/9/2023,8/12/2023,envió informe el 19/07/2024. pero no se guardó en el drive porque es muy pesado. esta en el correo electrónico de Voluntariado.
2024,Culminó,Victoria Carolina González Rondón,26.908.918,Victoria González <victoriagonron@gmail.com>,4143781058,13/7/2023,UCV,Artes,4/9/2023,11/12/2023,envió informe el 19/07/2024. pero no se guardó en el drive porque es muy pesado. esta en el correo electrónico de Voluntariado.
2024,Culminó,Katerin Benavente,14.531.845,kattymaribella@gmail.com,042641967020 - 02124344335,19/10/2023,UCV,Educación,28/11/2023,19/3/2024,
2024,Culminó,Kevin Alejandro Quintero Garcia,27.615.028,<kev.qgarcia@gmail.com>,4142512322,18/1/2024,UCV,Educación,7/2/2024,13/5/2024,Culminó su proyecto el 17/07/2024
2024,Culminó,María José Torrealba Ovalles,26.717.836,mjtorrealbao@gmail.com,4141863226,9/11/2023,UCV,Educación,23/11/2023,28/2/2024,Cierre de proyecto el 13 de marzo 2024
2024,Culminó,Sarai Del Carmen Villarreal García,24.812.494,<villarrealsarai@gmail.com>,4241596799,9/11/2023,UCV,Educación,29/11/2023,29/2/2024,Cierre de proyecto el 01 de marzo 2024
2024,Culminó,Ana Cristina Avila Santoya,26.763.106, anaavila42424@gmail.com,4241853578,18/1/2024,UCV,Derecho,7/2/2024,8/5/2024,
2024,Culminó,Andrea Carolina Medina Lapi,28.312.789,andreacmedinal06@gmail.com,(0414) 1539697,9/11/2023,UCV,Derecho,27/11/2023,12/3/2024,
2024,Culminó,Aritza Emilia González Oduver,15.386.736,agonzalezoduver@gmail.com,0414-2871581,9/11/2023,UCV,Derecho,24/11/2023,16/3/2024,
2024,Culminó,"Betzy Del Carmen Requena Gutiérrez 
 ",9493271,rgbetzy@gmail.com,4140249033,15/3/2024,UCV,Derecho,12/4/2024,16/7/2024,
2024,Culminó,Carlos Rojas,23.640.005,eduardorojas1511@gmail.com,4144860656,30/1/2021,UCV,Derecho,19/07/24 (II),19/10/2024,"Estudiante que realizó desde los inicios apoyo irregular. no culminó apoyo propuesto, realizó 48 horas hasta julio y no se comunicó con Bambi. Se envió correo sobre estatus copiando a la UCV el 01/10/21. Luego escribe vía whatsapp el 17/07/24 que desea reiniciar desde cero."
2024,Culminó,Cesar Loreto,27.915.890,<loretocesar44@gmail.com>,(0416) 538-2349,26/8/2023,UCV,Derecho,7/9/2023,14/12/2024,
2024,Culminó,Dariana Alejandra Fernández Flores,28.484.675,darianaf2812@gmail.com,(0414) 1634078,9/11/2023,UCV,Derecho,24/11/2023,26/3/2024,
2024,Culminó,Darlys Espinoza ,25915248,darlys.espinoza1@gmail.com,4248138721,18/1/2024,UCV,Derecho,5/2/2024,6/5/2024,
2024,Culminó,Douglas Alexander García,12.117.258,<douglas.77garcia@gmail.com>,4241719027,18/1/2024,UCV,Derecho,7/3/2024,8/8/2024,
2024,Culminó,Dougleivis del Valle Aguilera Quintana,26.893.893,dougleivisdv@gmail.com,(0416) 9020137,9/11/2023,UCV,Derecho,17/11/2023,18/4/2024,
2024,Culminó,Ender Josué Véliz Méndez,27.701.026,enderjvelizm@gmail.com,(0412) 4679843,9/11/2023,UCV,Derecho,29/11/2023,7/5/2024,
2024,Culminó,Gabriela Andrea González Díaz,29.661.004,gonzalezgabriela2001@gmail.com,(0426) 5146784,9/11/2023,UCV,Derecho,28/11/2023,14/3/2024,
2024,Culminó,Geraldine Soubirous Ibarra,29.883.614,geraldineibarra08@gmail.com,0414-9382116,15/3/2024,UCV,Derecho,5/4/2024,10/7/2024,
2024,Culminó,Greidalys Medina Castro,28.324.570,greidalysmedina2001@gmail.com,4126129195,15/3/2024,UCV,Derecho,5/4/2024,19/7/2024,
2024,Culminó,Guilianny Morantes Gonzalez,26763106,delguilianny@gmail.com,0424-2016008,18/1/2024,UCV,Derecho,6/2/2024,9/5/2024,
2024,Culminó,Hover Andrés Arguelles Rosillo,19.370.597,hover_arguelles@hotmail.com,(0412) 9069849,18/1/2024,UCV,Derecho,5/2/2024,6/5/2024,
2024,Culminó,"Jaime Mejia Raga 
",14300984,deilymar.100@gmail.com,426 6088934,15/3/2024,UCV,Derecho,5/4/2024,10/7/2024,
2024,Culminó,Javier Elias Melchor Toro,25.229.004,jmtpro21@gmail.com,(0412) 714 2148/ 04242087971,18/1/2024,UCV,Derecho,7/2/2024,24/5/2024,
2024,Culminó,Jilson Javier Escalona Zambrano,26277629,escalonajilson@gmail.com,0412-1379154,9/11/2023,UCV,Derecho,17/11/2023,8/3/2024,
2024,Culminó,Karen Sanchez,28493552,karensanchezcolmenarez.28a@gmail.com,4145241614,15/3/2024,UCV,Derecho,5/4/2024,26/7/2024,
2024,Culminó,Lismar Figueira,17.312.880,lisfiguenu@gmail.com,(0424) 2646855,9/11/2023,UCV,Derecho,4/12/2023,18/3/2024,
2024,Culminó,"Luis Bogado 
",6350637,lbogadofierro7.lb@gmail.com,4126352150,15/3/2024,UCV,Derecho,17/4/2024,24/7/2024,
2024,Culminó,Marianela Amaro Briceño,13.860.709,amaromarianela50@gmail.com,(0414) 1876901,9/11/2023,UCV,Derecho,24/11/2023,1/3/2024,
2024,Culminó,Valentina Nazaret Acosta Salinas,28.472.752,valentinazaret@gmail.com,(0424)2926443,9/11/2023,UCV,Derecho,22/11/2023,8/3/2024,
2024,Culminó,Yorgelis Adriana Alemán Malave,26473094,yorgelisadriana21@gmail.com,4142351446,9/11/2023,UCV,Derecho,23/11/2023,29/2/2024,
2024,Culminó,Rosalin Johanet Peña Barrios ,25.947.633,jrosalin97@gmail.com,4123810641,19/10/2023,UCV,Sociología,7/11/2023,7/2/2024,
2024,Culminó,Alejandra Cedeño,28. 499. 656,cedenoalejandra2005@gmail.com,0412/548.51.03,3/7/2024,UCV,Terapia Ocupacional,8/8/2024,8/11/2024,
2024,Culminó,Heily Hurtado ,29.611.910,heilyhur2003@gmail.com,4142521632,15/5/2023,UCV,Terapia Ocupacional,8/8/2024,8/11/2024,
2024,Culminó,Nairelys Bustamante,28. 624. 986,nairelysb2003@gmail.com,(0416)4345967,3/7/2024,UCV,Terapia Ocupacional,8/8/2024,8/11/2024,
2024,Culminó,Raimond Reyes.,28. 314. 331,raimondreyes2016@gmail.com,0414. 248. 00. 95,3/7/2024,UCV,Terapia Ocupacional,8/8/2024,14/11/2024,
2024,Culminó,Alejandra Carolina Manrique Mata,29864720,amanrique_2025cs@alumno.uma.edu.ve,4241623740,5/10/2023,UMA,Comunicación Social,19/10/2023,22/1/2024,La estudiante desea continuar su Servicio Comunitario en la institución
2024,Culminó,Isabella Del Valle Lugo Barazarte,30.309.531,ilugo_2025cs@alumno.uma.edu.ve,0412- 6010449 o 0412- 8020708,5/10/2023,UMA,Comunicación Social,26/10/2023,25/1/2024,La estudiante desea continuar su Servicio Comunitario en la institución
2024,Culminó,Jesus Manuel Jimenez Perez ,27531529, jjimenez_2025cs@alumno.uma.edu.ve,,26/8/2023,UMA,Comunicación Social,19/10/2023,18/1/2024,El estudiante desea continuar su Servicio Comunitario en la institución
2024,Culminó,José Ricardo Quijada Riina,28.474.655,Jose Ricardo Quijada Riina <jquijada_2025cs@alumno.uma.edu.ve>,0412-8615794,13/7/2023,UMA,Comunicación Social,7/8/2023,14/1/2024,Fue reconocido el día del voluntario 2023/ Parrandita programada para el 8 y 9 de diciembre de 2023/ El 14 de enero del 2024 envío a la Coordinadora de eventos de la Dirección de Relaciones Institucionales el video con motivo del día del maestro 
2024,Culminó,Juan Ignacio D’Amico,30.821.030,jdamico_2025cs@alumno.uma.edu.ve,0414-2709986,13/7/2023,UMA,Comunicación Social,20/7/2023,15/12/2023,
2024,Culminó,Karla Andreina Gonzalez Serrano,30.224.482,kgonzalez_2025cs@alumno.uma.edu.ve,0424-2589989,05/10/23,UMA,Comunicación Social,10/25/23,25/1/2024,La estudiante desea continuar su Servicio Comunitario en la institución
2024,Culminó,Johandrix Valentina Méndez Perales,30712594,jmendez_2026cs@alumni.uma.edu.ve,0412-0134599,22/7/2024,UMA,Comunicación Social,9/8/2024,14/11/2024,
2024,Culminó,Valentina Carrara González,31.065.143,vcarrara_2026cs@alumni.uma.edu.ve,0424-2745663,22/7/2024,UMA,Comunicación Social,12/8/2024,14/11/2024,
2024,Culminó,Andrés Leonardo Vielma Marín,30678609,avielma_2026cs@alumni.uma.edu.ve,0414-2159293,22/7/2024,UMA,Comunicación Social,9/8/2024,14/11/2024,
2024,Culminó,Marialaura Montes Pedauga,31.063.41,mmontes_2026cs@alumni.uma.edu.ve,0414-1184781,22/7/2024,UMA,Comunicación Social,9/8/2024,14/11/2024,
2024,Culminó,Daniel Andrés Peralta Bellot,30751520,dperalta_2026cs@alumni.uma.edu.ve,0424-2588058,22/7/2024,UMA,Comunicación Social,12/8/2024,14/11/2024,
2024,Culminó,Valeria Nathaly Pino Hernandez,30.874.477,vpino_2026cs@alumni.uma.edu.ve,0412-4620716,22/7/2024,UMA,Comunicación Social,9/8/2024,21/11/2024,
2024,Culminó,Ariadna Victoria Doria Trasven,29.631.395,doriariadna@gmail.com,4241806639,05/10/23,UMA,Educación,13/10/2023,23/5/2024,"Se firmó, selló y envió Registro mensual de actividades"
2024,Se Retiró,Flavia Paredes,28.115.041,flaviparedes01@gmail.com,4242372833,3/7/2024,AU Pair,,26/8/2024,15/8/2024,Se le realizó constancia de Horas por las dos semanas de apoyo.
2024,Se Retiró,Yenderlyn Michell Betancourt Torres.,26210321,yenderlynb23@gmail.com,4128206409,9/11/2023,CUECMC,Enfermeria,27/11/2023,,"Se realizó constancia de horas luego de situación irregular con un niño en la sede Bambi 5. Se conversó con su Jibeth Marishal sobre el caso, "
2024,Se Retiró,Andrea Lillo,30.942.086,andreavalentinalillo@gmail.com,4123077860,19/9/2024,IUT Antonio José de Sucre,Turismo,,,
2024,Se Retiró,Greysi Silva,29.508.142,greyayram@gmail.com,4242479212,19/9/2024,IUT Antonio José de Sucre,Turismo,11/10/2024,,
2024,Se Retiró,Marianny Martinez,30.821.292,mariannymartinez556@gmail.com,4242011054,19/9/2024,IUT Antonio José de Sucre,Turismo,14/10/2024,,
2024,Se Retiró,Hellen Barrios,31.090.183,hellenvivas177@gmail.com,4126038650,19/9/2024,IUT Antonio José de Sucre,Turismo,15/10/2024,,
2024,Se Retiró,Camila Cuao,29.973.137,camilacuao@gmail.com,4242325101,19/9/2024,IUT Antonio José de Sucre,Turismo,16/10/2024,,
2024,Se Retiró,María José García,17.116.474,marygarcias.jmd@gmail.com,0424-1733707,18/1/2024,UCV,Educación,7/2/2024,,Informó el 08/03/2024 que viajará proximamente a Chile  y por eso se retira
2024,Se Retiró,"Daniela Valentina Veliz Rivas
",27879292,danielavelizrivas22@gmail.com,424-274-64-14,15/3/2024,UCV,Derecho,16/4/2024,,"Se le dió inicio a la  estudiante quien acudió a su Servicio Comunitario solo una vez en Bambi 3.  Tras reunión efectuada en la FCJ,  la Coordinadora de Servicio Comunitario Patricia Araujo, envió un listado a Hogar Bambi con un grupo  de estudiantes que habían deicdido retirarse sin haber expresado antes esta decisión ante la institución, ni haber expresado el motivo de su salida.por tal motivo no se podrá reralizar Constancia de Horas a este partricipante. "
2024,Se Retiró,"Domingo Alberto Ramirez Quintero
",19242171,domingoramirezucv@gmail.com,4241689854,15/3/2024,UCV,Derecho,25/4/2024,,"El estudiante nunca acudió a su Servicio Comunitario.  Tras reunión efectuada en la FCJ,  la Coordinadora de Servicio Comunitario Patricia Araujo, envió un listado a Hogar Bambi con un grupo  de estudiantes que habían deicdido retirarse sin haber expresado antes esta decisión ante la institución, ni haber expresado el motivo de su salida.por tal motivo no se podrá reralizar Constancia de Horas a este partricipante. "
2024,Se Retiró,"Erick Javier Barrios Hernández 
",20820646,herodesdark@gmail.com,0424-7610509,15/3/2024,UCV,Derecho,2/4/2024,,"Se le dió inicio al estudiante el 02/04/2024 quien estuvo en las sedes Bambi 4 y Bambi enlace hasta el 17 de abril. Tras reunión efectuada en la FCJ,  la Coordinadora de Servicio Comunitario Patricia Araujo, envió un listado a Hogar Bambi con un grupo  de estudiantes que habían deicdido retirarse sin haber expresado antes esta decisión ante la institución, ni haber expresado el motivo de su salida.por tal motivo no se podrá reralizar Constancia de Horas a este partricipante. "
2024,Se Retiró,"Fatima Oriana Chirino 
",25618400,f.orianach@gmail.com,412-267-00-46,15/3/2024,UCV,Derecho,3/4/2024,,"Se le dió inicio a la estudiante el 03/04/2024 quien estuvo en las sedes Bambi 3 y Bambi enlace hasta el 17 de abril. Tras reunión efectuada en la FCJ,  la Coordinadora de Servicio Comunitario Patricia Araujo, envió un listado a Hogar Bambi con un grupo  de estudiantes que habían deicdido retirarse sin haber expresado antes esta decisión ante la institución, ni haber expresado el motivo de su salida,.por tal motivo no se podrá reralizar Constancia de Horas a este partricipante. "
2024,Se Retiró,"Francisco Jesús García Ferrer
",28312583,fjgferrer@gmail.com,4242035550,15/3/2024,UCV,Derecho,,,"El estudiante solo envió planilla de identificación, se le envio la propuesta de horas pero tras reunión efectuada en la FCJ,  la Coordinadora de Servicio Comunitario Patricia Araujo, envió un listado a Hogar Bambi con un grupo  de estudiantes que habían deicdido retirarse sin haber expresado antes esta decisión ante la institución, ni haber expresado el motivo de su salida,.por tal motivo no se podrá reralizar Constancia de Horas a este partricipante. "
2024,Se Retiró,"Gabriela Alejandra Vargas Purica
",29686857,gabrielavargaspurica@gmail.com,4141407004,15/3/2024,UCV,Derecho,,,
2024,Se Retiró,"Karla Olivier
",29974316,olivierkarla17@gmail.com,4121199291,15/3/2024,UCV,Derecho,7/5/2024,,"Se le envió propuesta de horas para iniciar el 08/05/2024, pero se retiró antes de haber comenzado su Servicio Comunitario, luego de la  reunión efectuada en la FCJ, donde  la Coordinadora de Servicio Comunitario Patricia Araujo, envió un listado a Hogar Bambi con un grupo  de estudiantes que habían deicdido retirarse sin haber expresado antes esta decisión ante la institución, ni haber expresado el motivo de su salida, por tal motivo no se podrá reralizar Constancia de Horas a este partricipante. "
2024,Se Retiró,Kimberly García,"26,207717",kekausqui@gmail.com,4142055560,15/3/2024,UCV,Derecho,3/4/2024,,"Se le dió inicio a la  estudiante quien acudió a su Servicio Comunitario por tres semanas a Bambi 4.  Tras reunión efectuada en la FCJ,  la Coordinadora de Servicio Comunitario Patricia Araujo, envió un listado a Hogar Bambi con un grupo  de estudiantes que habían deicdido retirarse sin haber expresado antes esta decisión ante la institución, ni haber expresado el motivo de su salida.por tal motivo no se podrá reralizar Constancia de Horas a esta partricipante. "
2024,Se Retiró,"Luisana Rojas
",27191259,norianajimenez@gmail.com,4242805076,15/3/2024,UCV,Derecho,16/4/2024,,"Se le dió inicio a la  estudiante quien acudió a su Servicio Comunitario una vez en la sede Bambi 5.  Tras reunión efectuada en la FCJ,  la Coordinadora de Servicio Comunitario Patricia Araujo, envió un listado a Hogar Bambi con un grupo  de estudiantes que habían deicdido retirarse sin haber expresado antes esta decisión ante la institución, ni haber expresado el motivo de su salida por tal motivo no se podrá reralizar Constancia de Horas a esta partricipante. "
2024,Se Retiró,"Oscarina Gonzalez 
",26443786,oskarina21gonzalez@gmail.com,,15/3/2024,UCV,Derecho,,,"La estudiante solo envió la planilla de identificación, se le envio la propuesta de horas pero tras reunión efectuada en la FCJ,  la Coordinadora de Servicio Comunitario Patricia Araujo, envió un listado a Hogar Bambi con un grupo  de estudiantes que habían deicdido retirarse sin haber expresado antes esta decisión ante la institución, ni haber expresado el motivo de su salida, por tal motivo no se podrá reralizar Constancia de Horas a esta partricipante."
2024,Se Retiró,"Veronica Teresa Rodriguez Ramirez 
",26952857,veronica1204.vr@gmail.com,4126057373,15/3/2024,UCV,Derecho,9/4/2024,,"Se le dió inicio a la  estudiante quien acudió a su Servicio Comunitario 3 veces a las sedes Bambi 3 y Bambi 4.  Tras reunión efectuada en la FCJ,  la Coordinadora de Servicio Comunitario Patricia Araujo, envió un listado a Hogar Bambi con un grupo  de estudiantes que habían deicdido retirarse sin haber expresado antes esta decisión ante la institución, ni haber expresado el motivo de su salida, por tal motivo no se podrá reralizar Constancia de Horas a esta partricipante. "
2024,Suspendido,Meylin Génesis Murillo Córdova,25.866.108,nanlymurillo06@gmail.com,4123679993,9/11/2023,CUECMC,Enfermeria,21/11/2023,,"programó hasta el 19 de marzo pero solo 65 horas, debe programar lo que le falta para llegar a las 90 horas./ fue suspendida por cambiar constantemente las fechas y acudir sin autorización."
2025,Culminó,Angely Berné,30.371.066,angi.berne30@gmail.com,0412-573-5003,15/5/2024,AU Pair,,3/6/2024,28/3/2025,realizó propuesta hasta 17 octubre y luego propuso noviembre y diciembre.
2025,Culminó,Ludovico Barazarte Barboza,30.399.220,lulobarazarte@gmail.com,0424-119-5254,15/5/2024,AU Pair,,8/11/2024,28/5/2025,Informó que iniciará en agosto
2025,Culminó,Jesus Di Vicenzo,31.222.406,jerdraddivicenzo@gmail.com,0412-5813174,3/7/2024,IUTV,Ingeniería Informatica,2/8/2024,9/7/2025,
2025,Culminó,Fiorela Blanco,29.948.035,fablanco.22@est.ucab.edu.ve,4241061484,20/3/2025,UCAB,Comunicación Social,4/4/2025,17/7/2025,
2025,Culminó,"Isabela Torres,",30.751.219,ivtorres.23@est.ucab.edu.ve,4242745087,20/3/2025,UCAB,Comunicación Social,8/4/2025,28/7/2025,
2025,Culminó,Isabella Ledezma,30.124.885,ialedezma.23@est.ucab.edu.ve,4123184861,20/3/2025,UCAB,Comunicación Social,8/4/2025,8/7/2025,
2025,Culminó,Isabella Valeria Diaz ,30.721.630,ivdiaz.21@est.ucab.edu.ve,0414-3962597,30/1/2025,UCAB,Comunicación Social,25/2/2025,29/5/2025,
2025,Culminó,Saskia Correa,30.153.837,scorrea.22@est.ucab.edu.ve,4129169706,20/3/2025,UCAB,Comunicación Social,3/4/2025,3/7/2025,
2025,Culminó,Dilmar Hernández,29.611.597,dougsosa1304@gmail.com,4120233698,15/5/2024,UCAB,Economía,7/8/2024,14/11/2024,
2025,Culminó,Douglas Sosa,28.080.767,gianfra.tricerri@gmail.com,4126131529,19/9/2024,UCAB,Economía,3/10/2024,6/1/2025,
2025,Culminó,Gianfranco Tricerri,27.597.830,halviarez2003@gmail.com,4242225022,31/01/2025,UCAB,Economía,11/2/2025,16/5/2025,
2025,Culminó,Héctor Alviarez,29.989.946,,4141500228,19/9/2024,UCAB,Economía,4/10/2024,6/1/2025,
2025,Culminó,Johan Coa,29.583.557,jcoa526@gmail.com,4142604571,19/9/2024,UCAB,Economía,3/10/2024,6/1/2025,
2025,Culminó,Sebastián Salgado,27.254.148,ssalgadoh99@gmail.com,4242817084,19/9/2024,UCAB,Economía,14/10/2024,30/1/2025,
2025,Culminó,Tennesse Contreras,29.537.957,tennesse.acm@gmail.com,4242878686,15/5/2024,UCAB,Economía,8/8/2024,21/11/2024,
2025,Culminó,Claudia del Toro,26.868.611,claudiadeltoro18@gmail.com,4120232377,15/5/2024,UCAB,Relaciones Industriales,15/8/2024,19/12/2024,
2025,Culminó,Alfonso Blanco,28027626,aablanco.20@est.ucab.edu.ve,0424-1932112,23/8/2024,UCAB,Ingeniería Informatica,30/8/2024,2/12/2024,
2025,Culminó,Angel David Blanco,29951860,adblanco.21@est.ucab.edu.ve,0412-5005277,5/12/2024,UCAB,Ingeniería Informatica,11/2/2025,14/5/2025,
2025,Culminó,Chrismary Gonzalez,28.444.007,cygonzalez.18@est.ucab.edu.ve,0424-1291882,30/1/2025,UCAB,Ingeniería Informatica,11/2/2025,14/5/2025,
2025,Culminó,Eduardo Rumbos,28386360,earumbos.21@est.ucab.edu.ve,0414-9078738,23/8/2024,UCAB,Ingeniería Informatica,29/8/2024,16/12/2024,
2025,Culminó,Jac José Alejandro Marquez,29.710.631,jamarquez.21@est.ucab.edu.ve,0412-6147615,5/12/2024,UCAB,Ingeniería Informatica,12/2/2025,28/5/2025,
2025,Culminó,José Briceño Luzardo                      ,30.370.541,  jabriceno.22@est.ucab.edu.ve,0424-1707610,30/1/2025,UCAB,Ingeniería Informatica,10/2/2025,10/5/2025,
2025,Culminó,Juan Pablo Tiapa,29931486,juanpablotiapare0117@gmail.com,0424-3064802,5/12/2024,UCAB,Ingeniería Informatica,13/2/2025,14/5/2025,
2025,Culminó,Luis Eduardo Monroy,28.310.305,lemonroy.22@est.ucab.edu.ve,0414-1556062,30/1/2025,UCAB,Ingeniería Informatica,11/2/2025,13/5/2025,
2025,Culminó,Sofia Carolina Wilson,29677167,scwilson.21@est.ucab.edu.ve,0412 9905429,5/12/2024,UCAB,Ingeniería Informatica,11/2/2025,14/5/2025,
2025,Culminó,David Fernandez,28.310.394,davienriq28@gmail.com,0412-8027575,19/9/2024,UCAB,Ingeniería Telecomunicaciones,29/1/2025,5/5/2025,
2025,Culminó,Alba Belén Matos,29935547,abmr2003@gmail.com,4123741801,30/1/2025,UAV,Ingeniería Audiovisual,14/2/2025,26/5/2025,
2025,Culminó,Estefania Carolina Gomez Morillo ,30425026,ecarolina0503@gmail.com,4241850081,30/9/2024,UAV,Artes Escenicas,30/9/2024,27/1/2025,
2025,Culminó,Gilberly Nerina Da silva Ameli,29.625.981,gigidasilva10@gmail.com,4241555948,19/9/2024,UAV,Producción Audiovisual,30/9/2024,16/1/2025,
2025,Culminó,Jackeline Victoria Monroy Derett,30.158.280,monroyjackeline@gmail.com,4241327696,19/9/2024,UAV,Artes Escenicas,30/9/2024,21/1/2025,
2025,Culminó,Moises David Aldana Seijas,30.129.099,moialdana27@gmail.com,4242811395,19/9/2024,UAV,Ingeniería de Sonido,27/9/2024,8/1/2025,
2025,Culminó,Paola Gonzalez,28.006.232,paola2909andreina@gmail.com,0412-639-8236,30/1/2025,UAV,Dirección de Fotografía,10/2/2025,12/5/2025,
2025,Culminó,Valeria Alexandra Sebastiani Salazar,30.370.340,valsebastiani02@gmail.com,4143140599,30/9/2024,UAV,Producción Audiovisual,9/10/2024,16/1/2025,
2025,Culminó,Veronica Esthefany Brito Marquez,30.715.410,veronicae.britom@gmail.com,4242008416,19/9/2024,UAV,Producción Audiovisual,27/9/2024,27/12/2024,
2025,Culminó,Alejandra Campos,26.968.732,aleyanethe17@gmail.com,4241848082,19/9/2024,UCV,Derecho,9/12/2024,17/5/2025,
2025,Culminó,Andrés García,9.488.357,andresgarcia130626@gmail.com,4167419826,3/7/2024,UCV,Derecho,17/7/2024,30/10/2024,
2025,Culminó,"Ángela María Pérez Álvarez 
",25697491,angi28pa@gmail.com,4245275425,15/3/2024,UCV,Derecho,6/5/2024,20/9/2024,
2025,Culminó,Axel Savisky,27794597,axelsavis@gmail.com,4241749166,19/9/2025,UCV,Derecho,27/3/2025,27/6/2025,
2025,Culminó,Daniel Leon,28331717,daniel2907d@gmail.com,4128093751,19/9/2024,UCV,Derecho,4/10/2024,31/1/2025,
2025,Culminó,David Arancibia,27978823,arancibiadavid01@gmail.com,4168012289,19/9/2024,UCV,Derecho,26/9/2024,7/2/2025,
2025,Culminó,Diana Karina Angel,26466420,diana98angeldiaz@gmail.com,4241327958,15/3/2024,UCV,Derecho,1/4/2024,11/7/2024,
2025,Culminó,Glenisbeth Andreina Figueroa Campos,27007305,Glenisfigueroaaa@gmail.com,4120994880,10/8/2024,UCV,Derecho,19/8/2024,12/12/2024,
2025,Culminó,Hector Javier García,15.324.732,supertatozetajet@gmail.com,0424 176 64 00,5/12/2024,UCV,Derecho,17/12/2024,24/3/2025,
2025,Culminó,Iset Beatriz Martínez Faquirá,28441270,isetmartinez28@gmail.com,4129641088,10/8/2024,UCV,Derecho,19/8/2024,17/1/2025,
2025,Culminó,Jackeline del Carmen Suarez Fernandez,12047917,jaylamaruma@gmail.com,4168269801,15/3/2024,UCV,Derecho,16/4/2024,16/7/2024,
2025,Culminó,"Jessica Smitter 
",29686462,jesysmitter@gmail.com,4142653412,15/3/2024,UCV,Derecho,26/9/2024,10/1/2025,Envió correo el 1ero de abril indicando que no continuaría con el Servicio Comunitario por un cambio en su horario laboral. Asi mismo informó que lo continuaría en el mes de agosto del 2025
2025,Culminó,Jomer  Figueroa,27032510,jomerfigueroaa@gmail.com,4126769189,19/9/2024,UCV,Derecho,26/9/2024,23/1/2025,
2025,Culminó,"José Santos Torrenegra
",26993503,josesantos18121999@gmail.com,412-631-13-47,15/3/2024,UCV,Derecho,8/4/2024,8/7/2024,
2025,Culminó,Kenyerlin Rivero Coita,26868269,kenyerlinrivero1@gmail.com,4242503318,27/2/2025,UCV,Derecho,18/3/2025,23/6/2025,
2025,Culminó,Luis Julio Bermudez,3.721.229,juliobermudezq@gmail.com,0414-150-66-76,5/12/2024,UCV,Derecho,21/1/2024,13/5/2025,
2025,Culminó,Mario Pereira Sosa,6.280.514,majorpersosa7@gmail.com,0412-882.78.09,30/1/2025,UCV,Derecho,17/2/2025,16/5/2025,
2025,Culminó,Michel Aguilera Pérez,30103245,michel.ucv19@gmail.com,4120153223,27/2/2025,UCV,Derecho,17/3/2025,17/6/2025,
2025,Culminó,Mónica Gabriela Jiménez Oropeza,28310235,monica.jimoro@gmail.com,4242944022,10/8/2024,UCV,Derecho,19/8/2024,29/11/2024,
2025,Culminó,Nestor Guzman,6964098,nestguz25@gmail.com,04142781063 / 02126322427,27/2/2025,UCV,Derecho,14/3/2025,14/6/2025,
2025,Culminó,"Oriana Oviedo 
",20098579,orianaoviedo0603@gmail.com,412-8157038,15/3/2024,UCV,Derecho,17/6/2024,17/9/2024,
2025,Culminó,Raymond Chirino,27170150,chirinoraymond3@gmail.com,4143778178,15/3/2024,UCV,Derecho,14/6/2024,16/9/2024,"El estudiante participó en la inducción de marzo en Hogar Bambi, pero no había hecho el curso de inducción en la FCJ, escribió posteriormente y comienza el 14 junio. "
2025,Culminó,Reidy Delgado Robles,27797118,reidydelgado23@gmail.com,4242843184,27/2/2025,UCV,Derecho,13/3/2025,13/6/2025,
2025,Culminó,"Sabrina Joynel Villegas Ramírez 
",27797104,sabrinavillegas46@gmail.com,412-9155209,15/3/2024,UCV,Derecho,3/4/2024,11/7/2024,
2025,Culminó,Erneyxa Martinez,22563031,eymg_23@hotmail.com,4242783552,19/9/2024,UCV,Sociología,8/10/2024,23/1/2025,
2025,Culminó,Ana Longobardi,29.948.491,ana.longobardi@correo.unimet.edu.ve,4148071317,16/5/2025,UNIMET,Ingeniería Química,23/5/2025,,
2025,Culminó,Amanda Riera,31.045.956,riera.amanda@correo.unimet.edu.ve,4242005422,16/5/2025,UNIMET,Ingeniería Química,23/5/2025,,
2025,Culminó,Waleska Carvajal,30.773.164,wcarvajal@correo.unimet.edu.ve,4141704656,16/5/2025,UNIMET,Ingeniería Civil,23/5/2025,,
2025,Culminó,Daniel Ramirez,30.095.342,"d.ramirez@correo.unimet.edu.ve,",4145776704,16/5/2025,UNIMET,Ingeniería de Producción,23/5/2025,,
2025,Culminó,Anabella Vetencourt,29.666.908,anabella.vetencourt@correo.unimet.edu.ve,4241948302,16/5/2025,UNIMET,Ingeniería de Producción,23/5/2025,,
2025,Culminó,Alejandra José Aguilera Martínez,30117367,aguilera_2026cs@alumni.uma.edu.ve,0414-8628221,24/10/2024,UMA,Comunicación Social,6/11/2024,13/2/2025,
2025,Culminó,Jesusmiguel Homero Cuevas Miquilena,29641408,jcuevas_2026cs@alumni.uma.edu.ve,4242778232,24/10/2024,UMA,Comunicación Social,7/11/2024,20/2/2025,
2025,Culminó,Cristian Rafael Rauseo Jiménez,29678957,crauseo_2026cs@alumni.uma.edu.ve,0414-0104698,24/10/2024,UMA,Comunicación Social,7/11/2024,13/2/2025,
2025,Culminó pero falta informe final,Danna Gyseth Cicuamia Afanador,84599374,dgcicuamia.20@est.ucab.edu.ve,424 2114837,19/9/2024,UCAB,Administración de Empresas,8/11/2024,,
2025,Culminó pero falta informe final,Oscar Ruiz,27344280,oscateduardoruizluis@gmail.com,4140112502,19/9/2024,UCAB,Administración de Empresas,3/10/2024,,
2025,Culminó pero falta informe final,Daniel Albornoz,29.666.731,dilmarh11@gmail.com,0412-7203818,19/9/2024,UCAB,Economía,3/10/2024,21/2/2025,
2025,Culminó pero falta informe final,Kymberlin Barrios,27.225.852,kimbarrios2000@gmail.com,0424-1955882,15/5/2024,UCAB,Ingeniería Industrial,6/6/2024,2/11/2024,
2025,Culminó pero falta informe final,José Gabriel Vilchez,36.670.980,jgvilchez.22@est.ucab.edu.ve,0412-3864513,30/1/2025,UCAB,Ingeniería Informatica,11/2/2025,4/6/2025,
2025,Culminó pero falta informe final ,Andrea Paola Mendoza,27.487.24,andreamendozalj@gmail.com,0412-034-50-41,15/3/2024,UCAB,Contaduría Pública,23/4/2024,,
2025,Culminó pero falta informe final ,Efren Ferrer,27.467.977,Efren Isai Ferrer Moncada <eiferrer.18@est.ucab.edu.ve,4166153706,18/1/2024,UCAB,Contaduría Pública,7/2/2024,,
2025,Culminó pero falta informe final,Andreina Guzman,25.210.816,guzmanandreina8@gmail.com,4128275862,3/7/2024,UCAB,Comunicación Social,5/8/2024,23/11/2024,
2025,Culminó pero falta informe final,Gabriela Carolina Villamizar Cacique,29.863.090,gabrielacarolinavillamizar@gmail.com,4241097528,19/11/2024,UCAB,Comunicación Social,21/2/2024,3/6/2024,
2025,En Proceso,Eugenia Caldera,31.065.376,eugeniacalderab@gmail.com/ evcaldera.23@est.ucab.edu.ve,0414-2441224,16/5/2025,UCAB,Comunicación Social,19/6/2025,,
2025,En Proceso,Marianna Salazar,30.702.812,mysalazar.23@est.ucab.edu.ve,4122813724,20/3/2025,UCAB,Comunicación Social,11/4/2025,,
2025,En Proceso,Valeria Favuzzi Di Rocco,30.565.381,vfavuzzi.21@est.ucab.edu.ve,0412-3376741,20/3/2025,UCAB,Comunicación Social,10/4/2025,,
2025,En Proceso, Joseebeth Prado Patete,30.346.501,pradodelvalle.22@gmail.com,4121319544,19/9/2024,UAV,Dirección de Fotografía,7/10/2024,,
2025,En Proceso,Alexa Araujo ,29921789,alexaaraujo025@gmail.com,4124176295,27/2/2025,UCV,Derecho,9/5/2025,,Falta reagendar horas pero esperaremos  a finales de junio para añadir los días de apoyo y completar el tiempo reglamentario
2025,En Proceso,Ángel  Mujica Tribiño,29885236,admujica15@gmail.com,4124245083,27/2/2025,UCV,Derecho,21/3/2025,11/7/2025,
2025,En Proceso,César Almirail Aldana,28007924,cesaraalmiraila@gmail.com,4142351625,27/2/2025,UCV,Derecho,21/3/2025,,
2025,En Proceso,Juan Sibilia ,27373173,Sibiliajuancarlo@gmail.com,4241344067,27/2/2025,UCV,Derecho,9/5/2025,,Falta reagendar horas pero esperaremos  a finales de junio para añadir los días de apoyo y completar el tiempo reglamentario
2025,En Proceso,Kevin Samuel Arteaga Suarez,20127623,samuelarteagaucv@gmail.com,4121943148,27/2/2025,UCV,Derecho,21/3/2025,,
2025,En Proceso,Luz Lujano García,26838029,Lujanoluz1008@gmail.com,4127537514,27/2/2025,UCV,Derecho,31/3/2025,,
2025,En Proceso,Maria Victoria Pérez,29965384,mariavf25@gmail.com,4129905398,27/2/2025,UCV,Derecho,9/5/2025,,
2025,En Proceso,Nohemi Yarai Avila Blanco,10486968,Nohemiyab71@gmail.com,4242952488,27/2/2025,UCV,Derecho,6/5/2025,,
2025,En Proceso,Richard Silvera,26605549,richardsilvera65@gmail.com,4244451404,19/9/2024,UCV,Derecho,15/12/2024,17/5/2025,
2025,En Proceso,Sophia  Hernandez,30039862,Sophiahernandezq@gmail.com,4243380821,27/2/2025,UCV,Derecho,9/4/2025,,
2025,En Proceso,Yorfrainys Romero ,29572950,fanyta.maria@gmail.com,4141134533,27/2/2025,UCV,Derecho,24/1/2025,26/6/2025,
2025,En Proceso,Jessica Da Rocha,30.635.173,jessicaadarochaf@gmail.com,4129223370,17/6/2025,UCV,Fisioterapia,11/7/2025,,
2025,En Proceso,Marluviz Aimee Rojas ,28.707.879,aimerm2020@gmail.com,4129277432,17/6/2025,UCV,Fisioterapia,11/7/2025,,
2025,En Proceso,Michelle Saraí Castillo Hernández,30.481.867,michellecast.ucv.24@gmail.com,0412-6008337,17/6/2025,UCV,Fisioterapia,11/7/2025,,
2025,En Proceso,Natalia Gil,30.221.899,nataliaguaina11@gmail.com,0424-2747059,17/6/2025,UCV,Fisioterapia,11/7/2025,,
2025,En Proceso,Sara Rivero,28.424.954,sararivero014@gmail.com,4128227494,17/6/2025,UCV,Fisioterapia,11/7/2025,,
2025,En Proceso,Verónica del Carmen Rojas Sarmiento,30.349.925,carmiento1610@gmail.com,0416-6047721,17/6/2025,UCV,Fisioterapia,11/7/2025,,
2025,En Proceso,Victoria Sofia Pinto Gamboa,30.112.356,victoriaapintoo@gmail.com,424-1539251,17/6/2025,UCV,Fisioterapia,11/7/2025,,
2025,En Proceso,Wendy Meléndez,30022637,wendyeloinae@gmail.com,4129275042,17/6/2025,UCV,Fisioterapia,11/7/2025,,
2025,En Proceso,Anahel Gassol,31.065.780.,anigassol@gmail.com,4127195580,17/6/2025,UCV,Terapia Ocupacional,8/7/2025,,
2025,En Proceso,Antonio Blandin,16.022.802.,antonioblandin@gmail.com,0412-5419135,17/6/2025,UCV,Terapia Ocupacional,8/7/2025,,
2025,En Proceso,Oriana Stomeo,29.904.913,orianastomeo01@gmail.com,4122109024,17/6/2025,UCV,Terapia Ocupacional,7/7/2025,,
2025,En Proceso,Hendry Bernal,30.261.049,Hendrydaniel15@gmail.com,4143993326,17/6/2025,UCV,Terapia Ocupacional,8/7/2025,,
2025,En Proceso,Daniel Algarin,20.706.828,algarindaniel04@gmail.com,4242690905,17/6/2025,UCV,Terapia Ocupacional,8/7/2025,,
2025,En Proceso,Miyerli Gutiérrez,28.336.656,miyealexandra15@gmail.com,4123960027,17/6/2025,UCV,Terapia Ocupacional,7/7/2025,,
2025,En Proceso,Francis Montilla,27.812.182.,franciscarolina.ucv@gmail.com,4241293061,17/6/2025,UCV,Terapia Ocupacional,8/7/2025,,
2025,En Proceso,Rafael Francisco Parra Colmenares,30714844,rparra_2026cs@alumni.uma.edu.ve,4141561424,20/3/2025,UMA,Comunicación Social,10/4/2025,,
2025,Falta Informe y Carta Aval,"Barbara Valentina Belandria Díaz
",28718084,belandriavalentina072@gmail.com,4243423069,15/3/2024,UCV,Derecho,22/4/2024,23/7/2024,
2025,Falta Informe y Carta Aval,Luiheidys Chacin Cedeño,30872526,luiheidyschacin@gmail.com,4126983803,27/2/2025,UCV,Derecho,20/3/2025,20/6/2025,
2025,Falta Informe y Carta Aval,Narkys Ninibeth del Carmen Catarí Álvarez,27.314.711,narkyscatari@gmail.com,(0424) 2733159,9/11/2023,UCV,Derecho,5/12/2023,25/3/2024,
2025,Falta Informe y Carta Aval,"Rosalia Coromoto Briceño Ortega 
",11166392,rosaliaucv2009@gmail.com,4242222117,15/3/2024,UCV,Derecho,5/4/2024,5/4/2024,
2025,Falta Informe y Carta Aval,"Yaribit Isabela González Castro 
",26996137,yaribit.19@gmail.com,4142175361,15/3/2024,UCV,Derecho,10/4/2024,10/7/2024,
2025,Iniciando,"Daniela Alejandra Martínez Rodríguez,",28.028.780,daniela.alejandra.martinez.rodriguez@iudlm.edu.ve,0426-1019124,31/7/2025,IDLM,Diseño Gráfico,19/8/2025,,
2025,Iniciando,Ariadna María De Sousa Viscaya,30.142.225,ariadna.maria.desousa.viscaya@iudlm.edu.ve,0424-2350042,31/7/2025,IDLM,Diseño Gráfico,22/8/2025,,
2025,Iniciando,Antonio Rafael Guerra Salazar,30.579.867,arguerra.23@est.ucab.edu.ve,0424-1212371,31/7/2025,UCAB,Contaduría Pública,14/8/2025,,
2025,Iniciando,Ariana Fabiola Lourenco García,29.983.807,aflourenco.22@est.ucab.edu.ve,0412-9593223,31/7/2025,UCAB,Administración de Empresas,12/8/2025,,
2025,Iniciando,Yerlin Gragirena,27. 401. 873,ydgragirena.17@est.ucab.edu.ve,0412-7009088,31/7/2025,UCAB,Administración de Empresas,21/8/2025,,
2025,Iniciando,Francis Martin,28.404.929,francis200602@gmail.com,0412-9789931,11/6/2025,UCAB,Comunicación Social,16/7/2025,,
2025,inicIando,Sharon Andrade,29.947.998,snandrade.23@est.ucab.edu.ve,4126323749,31/7/2025,UCAB,Ingeniería Industrial,13/8/2025,,
2025,Iniciando,Andres Guilarte Lamuño,30.246.084,aguilarte.22@est.ucab.edu.ve,4241298398,31/7/2025,UCAB,Ingeniería Informatica,13/8/2025,,
2025,Iniciando,Valeska Freites,31.961.264,valeskafreites2411@gmail.com,4122352411,5/12/2024,UNEXCA,Educación Especial,23/1/2025,24/4/2025,
2025,Iniciando,Jesús Leopoldo,26367462,leopoldovzla@gmail.com,4142087021,27/2/2025,UCV,Derecho,24/7/2025,,"Manifestó que tuvo un accidente automovilistico que le impidió iniciar, ahora indicó que tiene la disponibilidad. "
2025,Iniciando,Jhoskarly Amarista,29.965.849,jhoskaamarista08@gmail.com,4249182453,27/2/2025,UCV,Derecho,11/7/2025,,Mediante correo manifestó querer iniciar Serv Com en julio
2025,Iniciando,Adriana Reid,28.116.578,adrianareinali@gmail.com,0412-9865970,16/5/2025,UCV,Sociología,11/6/2025,,
2025,Iniciando,Alexandra Weigand,30.898.322,alexandraweigand.ucv@gmail.com,0416-5854734,16/5/2025,UCV,Sociología,11/6/2025,,
2025,Iniciando,Erika Molina,30.145.186,m.erika@correo.unimet.edu.ve,4241293768,16/5/2025,UNIMET,Psicología,21/5/2025,,
2025,Iniciando ,Sofia Antonieta Cedeño,30.079.268,soficm2209@gmail.com,4249536444,31/7/2025,UCAB,Economía,18/8/2025,,
2025,Iniciando ,Rodrigo Eduardo Diesis Reyes,29.817.910,rodrigo.diesis@gmail.com,4242560333,31/7/2025,UCAB,Economía,3/9/2025,,
2025,Iniciando ,Victoria Hernández,31.428.282,vickyangel17@gmail.com,4142052296,31/7/2025,UCAB,Comunicación Social,26/8/2025,,
2025,Se envió propuesta,Javier Alessandro Di Addezio,28.325.305,jadiaddezio.20@est.ucab.edu.ve,58 4126033008,31/7/2025,UCAB,Ingeniería Informatica,,,
2025,Se le envió ficha,Santiago Mejía,30.114.479,semejia.22@est.ucab.edu.ve,4122682831,16/5/2025,UCAB,Comunicación Social,,,
2025,Se envió propuesta,Carlota Valentina Villalobos Paredes,31.448.259,carlota.valentina.villalobos.paredes@iudlm.edu.ve,0412-3903000,31/7/2025,IDLM,Diseño Interior,,,
2025,Se envió propuesta,Alejandro Jesús Azocar Peñaloza,28.154.525,alejandro.jesus.azocar.penaloza@iudlm.edu.ve,,31/7/2025,IDLM,Diseño Gráfico,,,
2025,Iniciando ,Mariangel Zamora ,29.596.774,mariangelz2103@gmail.com,0412-8064842,11/6/2025,UCAB,Educación,29/7/2025,,
2025,Iniciando ,Scarlet Gualdron,30.831.729,smgualdron.22@est.ucab.edu.ve,0424-1496351,11/6/2025,UCAB,Educación,28/7/2025,,
2025,Se envió propuesta,José Esteves,,jgesteves12@gmail.com,4127121236,20/3/2025,UCAB,Ingeniería Industrial,,,
2025,Se envió propuesta,Marianne Alexandra Molina,30953877,mariannemolina2005@gmail.com,4242341881,30/1/2025,UAV,Dirección de Arte,,,
2025,Se Retiró,Diego Montilla ,28.310.392,diegomontilla43@gmail.com,4123899336,30/1/2025,USM,Comunicación Social,13/2/2025,,
2025,Se Retiró,Sofía Alvarado,29.724.002,sofialvacrex@gmail.com,4244212552,30/1/2025,UCAB,Comunicación Social,,,"El día de hoy 20/05 me comuniqué nuevamente con la estudiante, y me informó que no continuará en Bambi porque esta realizando su SC Online"
2025,Se Retiró,Angel Luis Cedeño Avendaño,16.332.530,angeluis1301@gmail.com,4123702816,27/2/2025,UCV,Derecho,7/4/2025,,"Manifestó a través de correo enviado el martes 20 de mayo 2025 que se retirariá del servicio comunitario por temas de vialidad, cito textualmente:""Por una parte, no  puedo  movilizarme en mi vehículo por problemas mecánicos, lo que me impide llegar a  tiempo a caracas, dado que el sistema de transporte público en la zona donde vivo, es  inexistente."""
2025,Se Retiró,Rosany Zurita Rebolledo.,30.346.855,rosany.zurita68mail.com,0424-199-5594,,USM,Arquitectura,28/2/2025,,
2025,Suspendido,Francys Acosta                        ,27.624.096,francys.acosta19@gmail.com,4123087648,15/3/2024,UCAB,Administración de Empresas,29/4/2024,,
2025,Suspendido,Juan Reina,27.671.490,juanreinag50@gmail.com,4120859125,15/5/2024,UCAB,Relaciones Industriales,25/6/2024,,"El estudiante tuvo 5 inasistencias seguidas y no informó su ausencia, se le escribió un correo y no ha contestado, fue suspendido. El día 01//08/2024 acudió a sede Bambi 3 a poner excusas sobre sus faltas y solicitar una oportunidad para continuar el SC."
2025,Ver observación,Francys Navas,18600368,Lorensfran20@gmail.com,4140109138,27/2/2025,UCV,Derecho,17/3/2025,,"La estudiante escribió el día 23/06/2025 para informar que se retiraria temporalmente del SC, debido a que esta en la última etapa de su embarazo y desea guardar el reposo correspondiente. Retomará según indicó, en noviembre aproximadamente."